A,Agilent Technologies
AA,Alcoa Inc
AAN,Aaron's Inc
AAP,Advance Auto Parts Inc
AAT,American Assets Trust
AAV,Advantage Oil & Gas Ltd
AB,Alliance Capital Management L.P.
ABB,Abb Ltd
ABBV,Abbvie Inc. Common Stock
ABC,Amerisourcebergen Corp
ABEV,Ambev S.A.
ABG,Asbury Automotive Group Inc
ABM,ABM Industries Incorporated
ABR,Arbor Realty Trust
ABR-A,Arbor Realty Trust Inc
ABR-B,Arbor Realty Trust Inc
ABR-C,Arbor Realty Trust
ABT,Abbott Laboratories
ABW-B,Associated Banc-Corp Depositary
ABX,Barrick Gold Corp
ACC,American Campus Communities Inc
ACCO,Acco Brands Corp
ACE,Ace Limited
ACG,Alliancebernstein Income Fund Inc
ACH,Aluminum Corporation of China Ltd
ACI,Arch Coal
ACM,Aecom Technology Corp
ACMP,Access Midstream Partners L.P.
ACN,Accenture Plc.
ACO,Amcol International Corp
ACP,Avenue Income Credit Strategies
ACRE,Ares Commercial Real Estate Cor
ACT,Actavis Inc
ACW,Accuride Corporation
ADC,Agree Realty Corp
ADM,Archer-Daniels-Midland Company
ADS,Alliance Data Systems Corp
ADT,ADT Corp
ADX,Adams Express Company
AEB,Aegon Nv
AEC,Associated Estates Realty Corp
AED,Aegon Nv
AEE,Ameren Corp
AEF,Aegon Nv
AEG,Aegon Nv
AEH,Aegon Nv
AEK,Aegon N.V. 8.00%
AEL,American Equity Investment Life
AEM,Agnico-Eagle Mines Limited
AEO,American Eagle Outfitters
AEP,American Electric Power Company
AER,Aercap Holdings N.V.
AES,The Aes Corp
AES-C,Aes TR III 6.75 Pfd
AET,Aetna Inc
AEV,Aegon Nv
AF,Astoria Financial Corp
AF-C,Astoria Financial Corp
AFA,American Financial Group Inc
AFB,Alliance National Municipal
AFC,Allied Capital Corp
AFG,American Financial Group
AFL,Aflac Incorporated
AFM,Affiliated Managers Group Inc
AFQ,American Financial Group
AFSD,Aflac Incorporated
AFT,Apollo Senior Floating Rate Fund Inc
AFW,American Financial Group Inc
AG,First Majestic Silver
AGC,Advent Claymore Convertible Securities
AGCO,Agco Corp
AGD,Alpine Global Dynamic Dividend Fund
AGI,Alamos Gold Inc
AGM,Federal Agricultural Mortgage Corp
AGM-A,Federal Agricultural Mortgage
AGM.A,Federal Agricultural Mortgage Corp
AGN,Allergan Inc
AGO,Assured Guaranty Ltd
AGO-B,Assured Guaranty Ltd [B]
AGO-E,Assured Guaranty Ltd [E]
AGO-F,Assured Guaranty Ltd [F]
AGRO,Adecoagro S.A.
AGU,Agrium Inc
AGX,Argan Inc
AH,Accretive Health
AHC,A.H. Belo Corp
AHH,Armada Hoffler Properties Inc
AHL,Aspen Insurance Holdings
AHL-A,Aspen Insurance Pfd
AHL-B,Aspen Insurance Holdings Limit
AHL-C,Aspen Ins Pfd Inc
AHP,Ashford Hospitality Prime Inc.
AHS,Amn Healthcare Services Inc
AHT,Ashford Hospitality Trust Inc
AHT-A,Ashford Hsop TR Pfd
AHT-D,Ashford Hosp D Pfd
AHT-E,Ashford Hospitality Trust Inc 9
AI,Arlington Asset Investment Corp
AIB,Apollo Investment Corp
AIF,Apollo Tactical Income Fund Inc
AIG,American International Group
AIG.W,American International Group
AIN,Albany International Corp
AIR,AAR Corp
AIT,Applied Industrial Technologies
AIV,Apartment Investment and Management
AIV-Z,Apartment Inv. & Mgt. Co.
AIW,Arlington Asset Investment Cor
AIY,Apollo Investment Corp
AIZ,Assurant Inc
AJG,Arthur J. Gallagher & Co.
AKO.A,Embotell Andina Sa A
AKO.B,Embotell Andna Sa B
AKP,Alliance California Muni
AKR,Acadia Realty Trust
AKS,AK Steel Holding Corp
AL,Air Lease Corporation Class A C
ALB,Albemarle Corp
ALDW,Alon USA Partners LP
ALE,Allete Inc
ALEX,Alexander and Baldwin Inc
ALG,Alamo Group
ALJ,Alon USA Energy
ALK,Alaska Air Group
ALL,Allstate Corp
ALL-A,GMAC Capital Trust I Fixed Rate
ALL-B,Ally Financial Inc Fixed Rate F
ALL-C,The Allstate Corp
ALL-D,Allstate Corp
ALL-E,The Allstate Corporation
ALLE,Allegion Plc Ordinary Shares Wh
ALP-N,Alabama Pwr 5.2A Pfd
ALP-O,Alabama Pwr 5.83A Pf
ALP-P,Alabama Power 5.30 A
ALR,Alere Inc
ALR-B,Alere Inc. Inverness Medical In
ALSN,Allison Transmission Holdings
ALU,Alcatel Lucent
ALV,Autoliv Inc
ALX,Alexander's Inc
AMC,Amc Entertainment Holdings Inc
AMD,Advanced Micro Devices
AME,Amtek Inc
AMG,Affiliated Managers Group
AMH,American Homes 4 Rent
AMH-A,American Homes
AMID,American Midstreampartners LP
AMP,Ameriprise Financial Services
AMP-A,Ameriprise Financial
AMRC,Ameresco Inc
AMRE,Amreit Inc
AMT,American Tower Corp
AMT-A,Apollo Residential Preferred
AMTD,TD Ameritrade Holding Corp
AMTG,Apollo Residential Mortgage In
AMX,America Movil S.A.B. De C.V.
AN,Autonation Inc
ANF,Abercrombie & Fitch Company
ANFI,Amira Nature Foods Ltd
ANH,Anworth Mortgage Asset Corp
ANH-A,Anworth Mtg Pfd A
ANH-B,Anworth 6.25 Pr S B
ANN,Ann Inc
ANR,Alpha Natural Resources
ANW,Aegean Marine Petroleum Network
AOD,Alpine Total Dynamic Dividend
AOI,Alliance One International
AOL,AOL Inc
AON,AON Plc
AOS,Smith [A.O.] Corp
AP,Ampco-Pittsburgh Corp
APA,Apache Corp
APAM,Artisan Partners Asset Manageme
APB,Asia Pacific Fund Inc
APC,Anadarko Petroleum Corp
APD,Air Products and Chemicals
APF,Morgan Stanley Asia Pacific Fund Inc
APH,Amphenol Corp
APL,Atlas Pipeline Partners L.P.
APO,Apollo Global Management Llc C
APU,Amerigas Partners L.P.
AR,Antero Resources Corp
ARC,American Reprographics Company
ARCO,Arcos Dorados Holdings Inc
ARCX,Arc Logistics Partners LP
ARDC,Ares Dynamic Credit Allocation
ARE,Alexandria Real Estate Equities
ARE-E,Alexandria Real Estate Equitie
ARG,Airgas Inc
ARH-C,Arch Capital Group Ltd. 6.75% P
ARI,Apollo Commercial Real Estate
ARI-A,Apollo Commercial Real Estate
ARL,American Realty Investors
ARMF,Ares Multi-Strategy Credit Fund
ARMK,Aramark Holdings Corp.
ARN,Ares Capital Corporation 7.00%
ARO,Aeropostale Inc
ARP,Atlas Resource Partners L.P. C
ARPI,American Residential Properties
ARR,Armour Residential R
ARR-A,Armour Residential REIT Inc
ARR-B,Armour Residential REIT Inc
ARSD,Arabian American Development
ARU,Ares Capital Corp
ARW,Arrow Electronics
ARX,Aeroflex Holding
ARY,Ares Capital Corp
ASA,ASA Gold and Precious Metals
ASC,Ardmore Shipping Corp
ASG,Liberty All-Star Growth Fund
ASGN,On Assignment
ASH,Ashland Inc
ASP,American Strategic Income Portfolio
ASR,Grupo Aeroportuario Del Sureste
ASX,Advanced Semiconductor Engineering
AT,Atlantic Power Corp
ATE,Advantest Corporation Ads
ATHL,Athlon Energy Inc
ATHM,Autohome Inc.
ATI,Allegheny Technologies Inc
ATK,Alliant Techsystems Inc
ATLS,Atlas Energy Llc
ATO,Atmos Energy Corp
ATR,Aptargroup
ATU,Actuant Corp
ATV,Acorn International
ATW,Atwood Oceanics
AU,Anglogold Ashanti Ltd
AUO,Au Optronics Corp
AUQ,Aurico Gold Inc
AUY,Yamana Gold
AV,Aviva Plc
AVA,Avista Corp
AVB,Avalonbay Communities
AVD,American Vanguard Corp
AVG,Avg Technologies N.V.
AVH,Avianca Holdings S.A.
AVIV,Aviv REIT Inc. Common Stock
AVK,Advent Claymore Convertible Securities
AVP,Avon Products
AVT,Avnet Inc
AVV,Aviva Plc
AVX,Avx Corp
AVY,Avery Dennison Corp
AWC,Alumina Ltd
AWF,Alliance World Dollar Fund II
AWH,Allied World Assurance Company
AWI,Armstrong World Industries Inc
AWK,American Water Works
AWP,Alpine Global Premier Propertie
AWR,American States Water Company
AXE,Anixter International Inc
AXL,American Axle & Manufacturing
AXLL,Georgia Gulf Corp
AXP,American Express Company
AXR,Amrep Corp
AXS,Axis Capital Holdings
AXS-C,Axis Capital Holdings Limited P
AXS-D,Axis Capital Holdings Limited
AYI,Acuity Brands Inc
AYN,Alliance New York Muni
AYR,Aircastle Limited
AZN,Astrazeneca Plc
AZO,Autozone
AZZ,Azz Inc
B,Barnes Group
BA,Boeing Company
BAC,Bank of America Corp
BAC-D,Bac Dep Share D
BAC-E,Bank Amer Corp Dep R
BAC-I,Bank Amer Corp Pfd
BAC-L,Bank Amer Pfd Ser L
BAC-Z,Bac Cap TR ViII
BAC.A,Bank of America Corporation Bac
BAC.B,Bank of America Corporation Bac
BAF,Blackrock Income Inv Quality Trust
BAH,Booz Allen Hamilton Holding Corp
BAK,Copene-Petroquimica Do Nordeste
BALT,Baltic Trading Limited
BAM,Brookfield Asset Management Inc
BAP,Credicorp Ltd
BAS,Basic Energy Services
BAX,Baxter International Inc
BBD,Banco Bradesco Sa
BBDO,Banco Bradesco S.A.
BBF,Blackrock Muni Income Trust
BBG,Bill Barrett Corp
BBK,Blackrock Muni Trust
BBL,Bhp Billiton Plc
BBN,Balckrock Build America Trust
BBT,BB&T Corp
BBT-D,BB&T Corp
BBT-E,BB&T Corp
BBT-F,BB&T Corp
BBT-G,BB&T Corporation Ser G
BBVA,Banco Bilbao Viscaya Argentaria S.A.
BBW,Build-A-Bear Workshop
BBX,Bankatlantic Bancorp
BBY,Best Buy Co.
BC,Brunswick Corp
BCA,Corpbanca
BCC,Boise Cascade L.L.C. Common ST
BCE,BCE Inc
BCEI,Bonanza Creek Energy Inc
BCF,Blackrock Real Asset Equity Trust
BCH,Banco De Chile
BCO,Brink's Company
BCR,C.R. Bard
BCRH,Blue Capital Reinsurance Holdi
BCS,Barclays Plc
BCS-A,Barclays Ads
BCS-C,Barclays Bank 4 Ads
BCS-D,Barclays Bank Plc
BCS.P,Barclays Bk ADR Sr 2
BCX,Blackrock Resources Common Shar
BDC,Belden Inc
BDJ,Blackrock Enhanced Dividend Achievers
BDN,Brandywine Realty Trust
BDN-E,Brandywine Realty Trust
BDX,Becton Dickinson and Company
BEAM,Beam Inc
BEE,Strategic Hotels & Resorts Inc
BEE-A,Strategic Hotels A
BEE-B,Strategic Hotel Pf B
BEE-C,Strategic H&R Srs C
BEN,Franklin Resources
BEP,Brookfield Renewable
BERY,Berry Plastics Group Inc
BF.A,Brown Forman Inc A
BF.B,Brown Forman Inc B
BFAM,Bright Horizons Family Solutions Inc
BFK,Blackrock Muni Income Trust
BFO,Blackrock Florida Muni 2020 Trust
BFR,Bbva Banco Frances S.A.
BFS,Saul Centers
BFS-A,Saul Ctrs Dep Pfd A
BFS-C,Saul Centers Inc
BFZ,Blackrock California Muni Trust
BG,Bunge Limited
BGB,Blackstone / Gso Strategic Cre
BGC,General Cable Corp
BGCA,Bgc Partners Inc
BGE-B,Bge Capital Trust II
BGG,Briggs & Stratton Corp
BGH,Babson Capital Global Short Du
BGR,Blackrock Energy and Resources Trust
BGS,B&G Foods Holdings
BGT,Blackrock Global
BGX,Blackstone Gso Long Short Credit Fund
BGY,Blackrock International
BH,Biglari Holdings Inc
BHE,Benchmark Electronics
BHI,Baker Hughes Inc
BHK,Blackrock Core Trust
BHL,Blackrock Defined Opportunity Trust
BHLB,Berkshire Hills Bancorp
BHP,Bhp Billiton Limited
BID,Sotheby's Holdings
BIE,Blackrock Muni Bond Investment Trust
BIF,Uslife Income Fund
BIG,Big Lots
BIN,Iesi-Bfc Ltd
BIO,Bio-Rad Laboratories
BIO.B,Bio Rad Labs Cl B
BIOA,Bioamber Inc
BIP,Brookfield Infrastructure Partners LP
BIT,Blackrock Multi-Sector Income T
BITA,Bitauto Holdings Limited
BJZ,Blackrock California Muni 2018 Trust
BK,Bank of New York Mellon Corp
BK-C,The Bank of New York Mellon Co
BKD,Brookdale Senior Living Inc
BKE,Buckle Inc
BKH,Black Hills Corp
BKK,Blackrock Muni 2020 Trust
BKN,Blackrock Investment Quality Municipal
BKS,Barnes & Noble
BKT,Blackrock Income Trust Inc
BKU,BankUnited Inc.
BKW,Burger King Worldwide
BLH,Blackrock New York Muni 2018 Trust
BLK,Blackrock
BLL,Ball Corp
BLOX,Infoblox Inc
BLT,Blount International
BLW,Blackrock Limited Duration Income Trust
BLX,Banco Latinoamericano De Comercio
BMA,Banco Macro S.A.
BME,Blackrock Health Sciences Trust
BMI,Badger Meter
BML-G,Bank America Dep G
BML-H,Bank America Dep H
BML-I,Bank America Dep I
BML-J,Bank America Dep J
BML-L,Bank America Dep L
BMO,Bank of Montreal
BMR,Biomed Realty Trust
BMS,Bemis Company
BMY,Bristol-Myers Squibb Company
BNA,Blackrock Income Opportunity Trust Inc
BNJ,Blackrock New Jersey Muni Income Trust
BNNY,Annie's Inc
BNS,Bank of Nova Scotia
BNY,Blackrock New York Muni Trust Inc
BOE,Blackrock Global
BOH,Bank of Hawaii Corp
BOI,Brookfield Mortgage Opportunit
BORN,China New Borun Corp
BOXC,Brookfield Office Properties C
BP,BP P.L.C.
BPI,Bridgepoint Education
BPK,Blackrock Muni 2018 Trust
BPL,Buckeye Partners L.P.
BPO,Brookfield Properties Corp
BPT,BP Prudhoe Bay Royalty Trust
BPY,Brookfield Property Partners L.
BPZ,Bpz Resources Inc
BQH,Blackrock New York Muni Trust
BQR,Blackrock Ecosolutions Investment Trust
BR,Broadridge Financial Solutions Llc
BRC,Brady Corp
BRE,BRE Properties
BRE-D,BRE Pptys Pfd D
BRFS,Brf-Brasil Foods S.A.
BRK.A,Berkshire Hath Hld A
BRK.B,Berkshire Hath Hld B
BRO,Brown & Brown
BRP,Brookfield Residential Propert
BRS,Bristow Group Inc
BRSS,Global Brass and Copper Holdin
BRT,BRT Realty Trust
BRX,Brixmor Property Group Inc. Com
BSAC,Banco Santander-Chile Ads
BSBR,Banco Santander Brasil Sa
BSD,Blackrock Strategic Muni Trust Inc
BSE,Blackrock New York Muni Income Trust
BSI,Alon Holdings - Blue Square Israel Ltd
BSL,Blackstone Gso Senior Floating Rate
BSMX,Grupo Financiero Santander Mxi
BSP,American Strategic Income Portfolio II
BSX,Boston Scientific Corp
BT,Bt Group Plc
BTA,Blackrock Long-Term Muni Advantage Trust
BTE,Baytex Energy Corp
BTF,Boulder Total Return Fund
BTH,Blyth Inc
BTO,John Hancock Bank and Thrift Fund
BTT,Blackrock Municipal Target Term
BTU,Peabody Energy Corp
BTZ,Blackrock Preferred
BUD,Anheuser-Busch Inbev Sa
BUI,Blackrock Utility and Infrastr
BURL,Burlington Stores Inc
BVN,Compania Mina Buenaventura S.A.
BWA,Borgwarner Inc
BWC,Babcock & Wilcox Company
BWG,Legg Mason Bw Global Income Op
BWP,Boardwalk Pipeline Partners L.P.
BWS,Brown Shoe Company
BX,The Blackstone Group L.P.
BXC,Bluelinx Holdings Inc
BXMT,Blackstone Mortgage Trust Inc. Cl A
BXP,Boston Properties
BXP-B,Boston Properties Inc
BXS,Bancorpsouth Inc
BYD,Boyd Gaming Corp
BYI,Bally Technologies
BYM,Blackrock Muni Income Quality Trust
BZH,Beazer Homes USA
BZT,Beazer Homes USA Inc. 7.50% Tangible Equity
C,Citigroup Inc
C-C,Citigroup Inc
C-E,Citigroup Cp Xvii 6.35 Trup
C-J,Citigroup Inc
C-K,Citigroup Inc
C-L,Citigroup Inc.
C-N,Citigroup Capital XiII
C-P,Citigroup Pfd Ser Aa
C-Q,Citigroup Cap Vi Trups
C-S,Citigroup Cap Ix 6.0
C.A,Citigroup Inc Wrnt 'A'
C.B,Citigroup Inc Wrnt 'B'
CAB,Cabela's Inc
CACI,Caci International
CAE,Cae Inc
CAF,Morgan Stanley China A Share Fund Inc
CAG,Conagra Foods
CAH,Cardinal Health
CAJ,Canon Inc
CALX,Calix Inc
CAM,Cameron International Corp
CAP,Cai International
CAS,Castle [A.M.] & Co.
CAT,Caterpillar Inc
CATO,Cato Corp
CB,Chubb Corp
CBA,Clearbridge American Energy ML
CBB,Cincinnati Bell Inc
CBB-B,Cincinnati Bell Pr B
CBD,Companhia Brasileira De Distribuicao
CBG,CBRE Group Inc
CBI,Chicago Bridge & Iron Company N.V.
CBK,Christopher & Banks Corp
CBL,Cbl & Associates Properties
CBL-D,Cbl Pfd D
CBL-E,Cbl & Associates Properties I
CBM,Cambrex Corp
CBPX,Continental Building Products
CBR,Ciber Inc
CBS,CBS Corp
CBS.A,CBS Corp
CBT,Cabot Corp
CBU,Community Bank System
CBZ,Cbiz Inc
CCC,Calgon Carbon Corp
CCE,Coca-Cola Enterprises
CCG,Campus Crest Communities
CCG-A,Campus Crest Communities Inc
CCH,Coca Cola Hellenic Bottling Co
CCI,Crown Castle International Corp
CCI-A,Crown Castle International Cor
CCJ,Cameco Corp
CCK,Crown Cork & Seal Company
CCL,Carnival Corp
CCM,Concord Medical Services
CCO,Clear Channel Outdoor Holdings
CCSC,Country Style Cooking
CCU,Compania Cervecerias Unidas S.A.
CCV,Comcast Corp
CCZ,Comcast Corp
CDE,Coeur D'Alene Mines Corp
CDE.W,Coeur D'Alene Mines Corporatio
CDI,Cdi Corp
CDR,Cedar Shopping Centers Inc
CDR-B,Cedar Realty Trust Inc
CE,Celanese Corp
CEA,China Eastern Airlines Corp Ltd
CEB,The Corporate Executive Board Company
CEC,Cec Entertainment
CEE,Central Europe and Russia Fund
CEL,Cellcom Israel
CELP,Cypress Energy Partners L.P.
CEM,Clearbridge Energy MLP Fund Inc
CEN,Center Coast MLP & Infrastructure
CEO,Cnooc Limited
CEQP,Crestwood Equity Partners LP
CF,Cf Industries Holdings
CFC-A,Countrywide Cap IV
CFC-B,Countrywide Cap V
CFI,Culp Inc
CFN,Carefusion Corp
CFR,Cullen/Frost Bankers
CFR-A,Cullen/Frost Bankers Inc
CFX,Colfax Corp
CGA,China Green Agriculture
CGG,Compagnie Generale De Gephysqu
CGI,Celadon Group
CHA,China Telecom Corp Ltd
CHC,China Hydroelectric Corp
CHD,Church & Dwight Company
CHE,Chemed Inc
CHGG,Chegg Inc
CHH,Choice Hotels International
CHK,Chesapeake Energy Corp
CHK-D,Chesapeake En Cv Pfd
CHKR,Chesapeake Granite Wash Trust
CHL,China Mobile [Hong Kong] Ltd
CHMI,Cherry Hill Mortgage Investmen
CHMT,Chemtura Corp
CHN,China Fund
CHS,Chico's Fas
CHS-A,Chesapeake Lodging Trust 7.75%
CHSP,Chesapeake Lodging Trust
CHT,Chunghwa Telecom Co Ltd
CHU,China Unicom [Hong Kong] Ltd
CI,Cigna Corp
CIA,Citizens Inc
CIB,Bancolombia S.A.
CIE,Cobalt International Energy
CIEN,Ciena Corp
CIF,Colonial Intermediate High
CIG,Comp En De Mn Cemig Ads
CIG.C,Comp En De Mn Cemig Ads
CII,Blackrock Capital and Income Strategies
CIM,Chimera Investment Corp
CIR,Circor International
CIS,Camelot Information Systems
CIT,Cit Group Inc [Del]
CJES,C&J Energy Services Inc
CKH,Seacor Smit Inc
CKP,Checkpoint Systms
CL,Colgate-Palmolive Company
CLB,Core Laboratories N.V.
CLC,Clarcor Inc
CLD,Cloud Peak Energy Inc
CLDT,Chatham Lodging Trust [Reit]
CLF,Cliffs Natural Resources Inc
CLGX,Corelogic
CLH,Clean Harbors
CLI,Mack-Cali Realty Corp
CLN-A,Colony Financial Inc
CLNY,Colony Financial Inc
CLR,Continental Resources
CLS,Celestica Inc
CLV,Cliffs Natural Resources Inc. Dep. Pfd.
CLW,Clearwater Paper Corp
CLX,Clorox Company
CM,Canadian Imperial Bank of Commerce
CMA,Comerica Inc
CMA.W,Comerica Inc
CMC,Commercial Metals Company
CMG,Chipotle Mexican Grill
CMI,Cummins Inc
CMK,Colonial Intermarket Income Trust I
CMLP,Crestwood Midstream Partners LP
CMN,Cantel Medical
CMO,Capstead Mortgage Corp
CMO-E,Capstead Mortgage Corp
CMP,Compass Minerals Intl Inc
CMRE,Costamare Inc
CMS,Cms Energy Corp
CMS-B,Consumers Engry 4.50
CMU,Colonial Muni Income Trust
CNA,Cna Financial Corp
CNC,Centene Corp
CNCO,Cencosud S.A.
CNHI,Cnh Industrial N.V.
CNI,Canadian National Railway Company
CNK,Cinemark Holdings Inc
CNL,Cleco Power Llc
CNO,Cno Financial Group
CNP,Centerpoint Energy Inc
CNQ,Canadian Natural Resources
CNS,Cohn & Steers Inc
CNW,Con-Way Inc
CNX,Consol Energy Inc
CO,China Cord Blood Corporation.
CODE,Spansion Inc
CODI,Compass Diversified Holdings
COF,Capital One Financial Corp
COF-P,Capital One Financial Corp Pfd
COF.W,Capital One Financial Corp
COG,Cabot Oil & Gas Corp
COH,Coach Inc
COL,Rockwell Collins
COO,Cooper Companies
COP,Conocophillips
COR,Coresite Realty Corp
COR-A,Coresite Realty Corp
CORR,Corenergy Infrastructure Trust Inc
COT,Cott Corp
COTY,Coty Inc
COUP,Coupons.Com Inc
COV,Covidien Plc.
CP,Canadian Pacific Railway
CPA,Copa Holdings S.A.
CPAC,Cementos Pacasmayo S.A.A.
CPB,Campbell Soup Company
CPE,Callon Petroleum Company
CPE-A,Callon Petroleum Company Prefer
CPF,CPB Inc
CPG,Crescent Pt Energy
CPK,Chesapeake Utilities Corp
CPL,Cpfl Energia S.A.
CPN,Calpine Corp
CPS,Cooper Std Hldg Inc
CPT,Camden Property Trust
CQB,Chiquita Brands International
CR,Crane Company
CRCM,Care.Com Inc
CRD.A,Crawford Co Cl A
CRD.B,Crawford Co Cl B
CRH,CRH Plc
CRI,Carter's Inc
CRK,Comstock Resources
CRL,Charles River Laboratories Intl
CRM,Salesforce.Com Inc
CRR,Carbo Ceramics
CRS,Carpenter Technology Corp
CRT,Cross Timbers Royalty Trust
CRY,Cryolife
CS,Credit Suisse Group
CSC,Computer Sciences Corp
CSE,Capitalsource Inc
CSFS,The Cash Store Financial Services
CSG,Chambers Street Properties
CSH,Cash America International
CSI,Cutwater Select Income Fund
CSL,Carlisle Companies Inc
CSP,American Strategic Income Portfolio III
CSS,Css Industries
CST,Cst Brands Inc. Common Stock
CSTM,Constellium N.V.
CSU,Capital Senior Living Corp
CSV,Carriage Services
CSX,CSX Corp
CTB,Cooper Tire & Rubber Company
CTC,Ifm Investments Limited
CTL,Centurylink
CTQ,Qwest Corp
CTR,Clearbridge Energy MLP Fund In
CTS,Cts Corp
CTT,Catchmark Timber Trust Inc.
CTU,Qwest Corp
CTW,Qwest Corp
CTX,Qwest Corp
CTY,Qwest Corp
CTZ-A,Citizens Funding
CUB,Cubic Corp
CUB-A,Cubesmart 7.75% Series A Cumula
CUBE,Cubesmart
CUDA,Barracuda Networks Inc
CUK,Carnival Plc Ads
CUZ,Cousins Properties Inc
CUZ-B,Cousins Pptys Pfd B
CVA,Covanta Holding Corp
CVB,Lehman Abs Corp
CVC,Cablevision Systems Corp
CVD,Covance Inc
CVE,Cenovus Energy Inc
CVG,Convergys Corp
CVI,Cvr Energy Inc
CVO,Cenveo Inc
CVRR,Cvr Refining LP
CVS,CVS Corp
CVT,Cvent Inc
CVX,Chevron Corp
CW,Curtiss-Wright Corp
CWEI,Clayton Williams Energy
CWH,Commonwealth REIT
CWH-D,Commonwealth REIT Pfd Conv Shs
CWH-E,Commonwealth REIT
CWHN,Commonwealth REIT
CWHO,Commonwealth REIT
CWT,California Water Service Group Holding
CWZ,Lehman Abs Corp
CX,Cemex S.A.B. De C.V. Sponsored
CXE,Colonial High Income Muni Trust
CXH,Colonial Investment Grade Muni Trust
CXO,Concho Resources Inc
CXP,Columbia Property Trust Inc
CXW,Corrections Corporation of America
CYD,China Yuchai International
CYH,Community Health Systems
CYN,City National Corp
CYN-C,City National Corp
CYN-D,City National Corporation Repr
CYNI,Cyan Inc. Common Stock
CYS,Cys Investments Inc
CYS-A,Cys Investments Inc
CYS-B,Cys Investments Inc
CYT,Cytec Industries Inc
CZZ,Cosan Limited
D,Dominion Resources
DAC,Danaos Corp
DAL,Delta Air Lines Inc
DAN,Dana Holding Corp
DANG,E-Commerce China Dangdang Inc
DAR,Darling International Inc
DATA,Tableau Software Inc. Class A
DB,Deutsche Bank Ag
DBD,Diebold Inc
DBL,Doubleline Opportunistic Credi
DCA,Dca Total Return Fund
DCE,Deutsche Bk Cap Fdg TR X
DCI,Donaldson Company
DCM,Ntt Docomo Inc
DCO,Ducommun Inc
DCT,Dct Industrial Trust Inc
DCUA,Dominion Resources
DCUB,Dominion Resources Inc. Un Series B
DD,E.I. Du Pont De Nemours and Company
DD-A,Du Pont E I 3.50 Pfd
DD-B,Du Pont E I 4.50 Pfd
DDC,Dominion Diamond Corp
DDD,3D Systems Corp
DDE,Dover Downs Gaming & Entertainment Inc
DDF,Delaware Dividend & Income
DDR,Ddr Corp
DDR-H,Develprs Div Rlt Dep
DDR-J,Ddr Corp
DDR-K,Ddr Corp
DDS,Dillard's
DDT,Dillard's
DE,Deere & Company
DEG,Etablissements Delhaize Freres
DEI,Douglas Emmett
DEL,Deltic Timber Corp
DEO,Diageo Plc
DEX,Delaware Enhanced Global Dividend
DF,Dean Foods Company
DFP,Flaherty & Crumrine Dynamic
DFS,Discover Financial Services
DFS-B,Discover Financial Services
DFT,Dupont Fabros Technology
DFT-A,Dupont Fabros Technology Inc
DFT-B,Dupont Fabros Technology Inc
DG,Dollar General Corp
DGI,Digitalglobe Inc
DGX,Quest Diagnostics Inc
DHF,Dreyfus High Yield Strategies Fund
DHG,Dws High Income Opportunities Fund
DHI,D.R. Horton
DHR,Danaher Corp
DHT,Dht Holdings
DHX,Dice Holdings
DIN,Dineequity Inc
DIS,Walt Disney Company
DK,Delek US Holdings
DKL,Delek Logistics Partners LP
DKS,Dick's Sporting Goods Inc
DKT,Deutsch Bk Contingent Cap TR V
DL,China Distance Education Holdings
DLB,Dolby Laboratories
DLPH,Delphi Automotive Plc
DLR,Digital Realty Trust
DLR-E,Digital Realtytrust Inc
DLR-F,Digital Realty Trust Inc
DLR-G,Digital Realty Trust Inc
DLX,Deluxe Corp
DMB,Dreyfus Municipal Bond Infrastr
DMD,Demand Media Inc
DMO,Western Asset Mortgage Defined Opp
DNB,Dun & Bradstreet Corp
DNI,Chartwell Dividend & Income Fund
DNP,Duff & Phelps Utilities Income
DNR,Denbury Resources
DNY,The Denali Fund
DO,Diamond Offshore Drilling
DOC,Physicians Realty Trust
DOM,Dominion Resources Black Warrior
DOOR,Masonite Wrldwde Hld
DOV,Dover Corp
DOW,DOW Chemical Company
DPD,DOW 30 Premium
DPG,Duff & Phelps Global Utility I
DPM,Dcp Midstream Partners LP
DPO,DOW 30 Premium
DPS,Dr Pepper Snapple Group Inc
DPZ,Domino's Pizza Inc
DQ,Daqq New Energy
DRC,Dresser-Rand Group Inc
DRD,Drdgold Limited
DRE,Duke Realty Corp
DRE-J,Duke Rlty Dep Pfd J
DRE-K,Duke Realty K
DRE-L,Duke Rlty Dep Sh
DRH,Diamondrock Hospitality Company
DRI,Darden Restaurants
DRII,Diamond Resorts International
DRL,Doral Financial Corp
DRQ,Dril-Quip
DRU,Dominion Resources
DSL,Doubleline Income Solutions Fun
DSM,Dreyfus Strategic Muni Bond Fund
DST,Dst Systems
DSU,Blackrock Debt Strategies Fund
DSW,DSW Inc
DSX,Diana Shipping Inc
DSX-B,Diana Shipping
DTE,Dte Energy Company
DTF,Duff & Phelps Utilities Tax-Free Income
DTK,Deutsche Bk Contingent Cap TR I
DTQ,Dte Energy Co.
DTT,Deutsche Bk Cap Fdg TR Ix Gua
DTZ,Dte Energy Co.
DUA,Deutsche Bk Cap Fdg TR ViII 6
DUC,Duff & Phelps Utility & Corporate Trust
DUK,Duke Energy Corp
DUKH,Duke Energy Corp
DV,Devry Inc
DVA,Davita Healthcare Partners Inc
DVD,Dover Downs Entertainment
DVM,Cohen & Steers Dividend Majors Fund
DVN,Devon Energy Corp
DVR,Cal Dive International
DW,Drew Industries Inc
DWRE,Demandware Inc
DX,Dynex Capital
DX-A,Dynex Capital Inc
DX-B,Dynex Capital Inc
DXB,Deutsche Bk Contingent Cap TR I
DY,Dycom Industries
DYN,Dynegy Inc
DYN.W,Dynegy Inc. Warrants
E,Eni S.P.A.
EAA,Entergy Arkansas
EAB,First Mortgage Bonds
EAE,Entergy Arkansas Inc
EARN,Ellington Residential Mortgage
EAT,Brinker International
EBF,Ennis Inc
EBR,Centrais Elc Braz Pfb B Elbras
EBR.B,Centrais Elc Braz Pfb B Elbras
EBS,Emergent Biosolutions
EC,Ecopetrol S.A.
ECA,Encana Corp
ECL,Ecolab Inc
ECOM,Channeladvisor Corp
ECT,Eca Marcellus Trust I
ED,Consolidated Edison Company of New York
EDD,Emerging Markets Domestic Debt Fund
EDE,Empire District Electric Company
EDF,Stone Harbor Emerging Markets
EDI,Stone Harbor Emerging Markets
EDN,Empresa Distribuidora Y Comercializadora
EDR,Education Realty Trust Inc
EDT,Entergy Texas Inc
EDU,New Oriental Education & Technology Group
EE,El Paso Electric Company
EEA,European Equity Fund
EEP,Enbridge Energy L.P.
EEQ,Enbridge Energy Management Llc
EFC,Ellington Financial Llc
EFF,Eaton Vance Floating-Rate Inco
EFM,Entergy Mississippi
EFR,Eaton Vance Senior Floating-Rate Fund
EFT,Eaton Vance Floating Rate Income Trust
EFX,Equifax Inc
EGF,Blackrock Enhanced Government Fund
EGL,Engility Holdings Inc. Common
EGN,Energen Corp
EGO,Eldorado Gold Corp
EGP,Eastgroup Properties
EGY,Vaalco Energy Inc
EHI,Western Asset Global High
EIG,Employers Holdings Inc
EIX,Edison International
EJ,E-House [China] Holdings
EL,Estee Lauder Companies
ELA,Entergy Louisiana Llc
ELB,Entergy Louisiana
ELJ,Entergy Louisiana Llc
ELLI,Ellie Mae Inc
ELP,Companhia Paranaense De Energia
ELS,Equity Lifestyle Properties
ELS-C,Eqty Lifestyle Properties Inc
ELU,Entergy Louisiana Llc First M
ELX,Emulex Corp
ELY,Callaway Golf Company
EMC,EMC Corp
EMD,Western Asset Emerging Markets Fund
EME,Emcor Group
EMES,Emerge Energy Services LP Commo
EMF,Templeton Emerging Markets Fund
EMN,Eastman Chemical Company
EMO,Clearbridge Energy MLP Opportu
EMQ,Entergy Mississippi
EMR,Emerson Electric Company
EMZ,Entergy Mississippi Inc. First
ENB,Enbridge Inc
END,Endeavor International Corp
ENH,Endurance Specialty Holdings Ltd
ENH-A,Endurance Spec Pfd
ENH-B,Endurance Specialty Holdings L
ENI,Enersis S A
ENJ,Entergy New Orleans Inc
ENL,Reed Elsevier Nv
ENLC,Enlink Midstream Llc
ENLK,Enlink Midstream Partners LP
ENR,Energizer Holdings
ENS,Enersys Inc
ENV,Envestnet Inc
ENZ,Enzo Biochem
EOC,Empresa Nacional De Electricidad S.A.
EOD,Wells Fargo Global Dividend Opportunity
EOG,Eog Resources
EOI,Eaton Vance Enhance Equity
EOS,Eaton Vance Enhanced Equity II
EOT,Eaton Vance Muni Income Trust
EP-C,El Paso Egy Cap I Pr
EPAM,Epam Systems Inc
EPB,El Paso Pipeline Partners LP
EPD,Enterprise Products Partners L.P.
EPE,Ep Energy Corp
EPL,Energy Partners
EPR,Entertainment Properties Trust
EPR-C,Entertainment Prp Pf
EPR-E,Entertainment Ppty P
EPR-F,Entertainment Properties Trust
EQM,Equity Midstream Partners LP
EQR,Equity Residential
EQS,Equus Total Return
EQT,Eqt Corp
EQU,Equal Energy Ltd
EQY,Equity One
ERA,Era Group Inc. Common Stock W
ERF,Enerplus Corp
ERJ,Embraer-Empresa Brasileira De Aeronautica
EROS,Eros International Plc
ESC,Emeritus Corp
ESD,Western Asset Emerging Markets Debt Fund Inc
ESE,Esco Technologies Inc
ESI,Itt Educational Services
ESL,Esterline Technologies Corp
ESNT,Essent Group Ltd
ESRT,Empire State Realty Trust Inc
ESS,Essex Property Trust
ESS-H,Essex Property Trust Inc. 7.12
ESV,Ensco Plc
ETB,Eaton Vance Tax-Managed Buy-Write
ETE,Energy Transfer Equity LP
ETG,Eaton Vance Tax-Advantaged Global Dividend
ETH,Ethan Allen Interiors Inc
ETJ,Eaton Vance Risk-Managed Diversified Equity
ETM,Entercom Communications Corp
ETN,Eaton Corp
ETO,Eaton Vance Tax-Advantage Global Dividend Opp
ETP,Energy Transfer Partners
ETR,Entergy Corp
ETV,Eaton Vance Corp
ETW,Eaton Vance Corp
ETX,Eaton Vance Municipal Income T
ETY,Eaton Vance Tax-Managed Diversified Equity
EV,Eaton Vance Corp
EVC,Entravision Communications Corp
EVER,Everbank Financial Corp
EVF,Eaton Vance Senior Income Trust
EVG,Eaton Vance Short Diversified
EVGN,Evogene Ltd Ord
EVHC,Envision Healthcare Holdings
EVN,Eaton Vance Muni Income Trust
EVR,Evercore Partners Inc
EVT,Eaton Vance Tax Advantaged Dividend
EVTC,Evertec Inc. Common Stock
EW,Edwards Lifesciences Corp
EXAM,Examworks Group
EXAR,Exar Corp
EXC,Exelon Corp
EXD,Eaton Vance Tax-Advantaged Bond
EXG,Eaton Vance Tax-Managed Global Diversified Equit
EXH,Exterran Holdings
EXK,Endeavour Silver Corp
EXL,Excel Trust
EXL-B,Excel Trust Inc
EXP,Eagle Materials Inc
EXPR,Express Inc
EXR,Extra Space Storage Inc
F,Ford Motor Company
FAC,Liberte Investors Inc
FAF,First American Corp
FAM,First Trust/Aberdeen Global Opportunity
FAV,Active Dividend
FBC,Flagstar Bancorp
FBHS,Fortune Brands Home & Security
FBP,First Bancorp
FBR,Fibria Celulose S.A.
FBS-A,First Pfd Cp IV 8.15
FC,Franklin Covey Company
FCE.A,Forest City Ent Cl A
FCE.B,Forest City Ent Cl B
FCF,First Commonwealth Financial Corp
FCH,Felcor Lodging Trust Inc
FCH-A,Felcor Lodg Pr A
FCH-C,Felcor Lodging Dep S
FCN,Fti Consulting
FCT,Senior Floating Rate II
FCX,Freeport-Mcmoran Copper & Gold
FDI,Fort Dearborn Income Securities
FDO,Family Dollar Stores
FDP,Fresh Del Monte Produce
FDS,Factset Research Systems Inc
FDX,Fedex Corp
FE,Firstenergy Corp
FEI,First Trust MLP and Energy Inc
FENG,Phoenix New Media Limited
FEO,First Trust/Aberdeen Emerging Opportunity Fund
FET,Forum Energy Technologies Inc
FF,Futurefuel Corp
FFA,First Trust Enhanced Equity Income Fund
FFC,Flaherty Crumrine/Claymore Preferred Securities
FFG,Fbl Financial Group
FGB,Specialty Finance and Financial Fund
FGL,Fidelity & Guaranty
FGP,Ferrellgas Partners L.P.
FHN,First Tennessee National Corp
FHN-A,First Horizon National Corpora
FHY,Strategic High II
FI,Frank's International N.V.
FICO,Fair Isaac and Company Inc
FIF,First Trust Energy Infrastruct
FIG,Fortress Investment Group
FII,Federated Investors
FIO,Fusion-Io Inc
FIS,Fidelity National Information Services
FIX,Comfort Systems USA
FL,Footlocker Inc
FLC,Flaherty & Crumrine/Claymore Total Return
FLO,Flowers Foods
FLR,Fluor Corp
FLS,Flowserve Corp
FLT,Fleetcor Technologies
FLTX,Fleetmatics Group Plc
FLY,Fly Leasing Limited
FMC,FMC Corp
FMD,First Marblehead Corp
FMN,Federated Premier Muni
FMO,Fiduciary/Claymore MLP Opportunity Fund
FMS,Fresenius Medical Care Corp
FMX,Fomento Economico Mexicano S.A.B. De C.V.
FMY,First Trust/Fidac Mortgage Income Fund
FN,Fabrinet
FNB,F.N.B. Corp
FNB-E,F.N.B. Corporation Representin
FNF,Fidelity National Financial
FNF-B,First Niagara Financial Group
FNP,Fifth & Pacific Cos. Inc
FNV,Franco Nev Corp
FOE,Ferro Corp
FOF,Cohen & Steers Closed-End Opportunity Fund
FOR,Forestar Group Inc
FPF,First Trust Intermediate Durat
FPO,First Potomac Realty Trust
FPO-A,First Potomac Realty Trust Cumu
FPT,Federated Premier Intermediate Muni
FR,First Industrial Realty Trust
FRA,Blackrock Floating Rate Income Fund
FRC,First Republic Bank
FRC-A,First Republic Bank 6.70%
FRC-B,First Republic Bank
FRC-C,First Republic Bank
FRC-D,First Republic Bank San Francis
FRC-E,First Republic Bank
FRF,Fortegra Financial Corp
FRM,Furmanite Corp
FRO,Frontline Ltd
FRT,Federal Realty Investment Trust
FRX,Forest Laboratories
FSCE,Fifth Street Finance Corp
FSD,High Income Long Short Fund
FSL,Freescale Semiconductor Holdin
FSM,Fortuna Silver Mines
FSS,Federal Signal Corp
FST,Forest Oil Corp
FT,Franklin Universal Trust
FTI,FMC Technologies
FTK,Flotek Industries
FTT,Federated Enhanced Treasury Income
FUL,H. B. Fuller Company
FUN,Cedar Fair L.P.
FUR,Winthrop Realty Trust
FUR-D,Winthrop Realty Trust Preferred D Shares
FVE,Five Star Quality Care
FXCM,FXCM Inc
G,Genpact Limited
GA,Giant Interactive Group Inc
GAB,Gabelli Equity Trust
GAB-D,Gabelli Eq TR Pfd D
GAB-G,The Gabelli Equity Trust Inc
GAB-H,The Gabelli Eqty Trust Inc
GAM,General American Investors
GAM-B,Genl Amer Invs Pfd
GAS,Agl Resources
GB,Greatbatch
GBAB,Guggenheim Build America Bonds
GBL,Gamco Investors
GBX,Greenbrier Companies
GCA,Global Cash Access Holdings
GCAP,Gain Capital Holdings
GCH,Greater China Fund
GCI,Gannett Co.
GCO,Genesco Inc
GCV,Gabelli Convertible and Income Securities
GCV-B,Gabelli 6.00% Pfd B
GD,General Dynamics Corp
GDF,Western Asset Global Partners
GDL,The Gdl Fund
GDL-B,The Gdl Fund Series B Cumulativ
GDO,Western Asset Global Corporate Defined
GDOT,Green Dot Corp
GDP,Goodrich Petroleum Corp
GDP-C,Goodrich Petroleum Corp
GDP-D,Goodrich Petroleum Coproration
GDV,Gabelli Dividend
GDV-A,Gabelli Dv
GDV-D,Gabelli Pref D
GE,General Electric Company
GEB,General Electric Capital Corpo
GEF,Greif Bros. Corp
GEF.B,Greif Bros. Corp
GEH,General Electric Capital Corpo
GEK,General Electric Capital Corpo
GEL,Genesis Energy L.P.
GEO,Geo Group Inc
GEQ,Guggenheim Equal Weight Enhance
GES,Guess Inc
GF,New Germany Fund
GFA,Gafisa Sa
GFF,Griffon Corp
GFI,Gold Fields Ltd
GFIG,Gfi Group Inc
GFY,Western Asset Variable Rate Strategic
GG,Goldcorp Inc
GGB,Gerdau S.A.
GGE,Claymore Dividend & Income Fund
GGG,Graco Inc
GGM,Guggenheim Credit Allocation F
GGP,General Growth Properties
GGP-A,General Growth Properties Inc
GGS,Global Geophysical Services
GGS-A,Global Geophysical Services In
GGT,Gabelli Global Multi-Media Trust
GGT-B,Gabelli Global Multi-Media Trus
GHC,Graham Holdings Company
GHI,Global High Income Dollar Fund
GHL,Greenhill & Co. Inc
GHY,Prudential Global Short Durati
GIB,CGI Group
GIL,Gildan Activewear
GIM,Templeton Global
GIMO,Gigamon Inc
GIS,General Mills
GJH,Strats Sm Trust For United States Cellular Corp
GJK,Strats Sm Trust For JP Morgan Chase & Co Securit
GJO,Strats Sm Trust For Wal-Mart Stores Inc Securiti
GJP,Strats Sm Trust For Dominion Resources Inc Secur
GJR,Strats Sm Trust For The Procter & Gamble Co Secu
GJS,Strats Sm Trust For Goldman Sachs Group Securiti
GJT,Strats Sm Trust For Allstate Corp Securities Ser
GJV,Strats Sm Trust For News Corp Securities Series
GLF,Gulfmark Offshore
GLOG,Gaslog Ltd
GLP,Global Partners LP
GLT,Glatfelter
GLW,Corning Inc
GM,General Motors Company
GM.A,General Mtrs
GM.B,General Mtrs
GME,Gamestop Corp
GMED,Globus Medical Inc
GMK,Gruma S.A. De C.V.
GMT,GATX Corp
GMZ,Goldman Sachs MLP Income Oppor
GNC,GNC Holdings Inc
GNE,Genie Energy Ltd. Class B Commo
GNE-A,Genie Energy Ltd. Series
GNI,Great Northern Iron Ore Properties
GNK,Genco Shipping
GNRC,Generac Holdings Inc
GNT,Gabelli Natural Resources Gold
GNW,Genworth Financial Inc
GOF,Claymore/Guggenheim Strategic Fund
GOL,Gol Linhas Aereas Inteligentes S.A.
GOM,GMAC Llc
GOV,Government Properties Income Trust
GPC,Genuine Parts Company
GPE-A,Ga Pwr Co Cl A Pfd
GPI,Group 1 Automotive
GPK,Graphic Packaging Holding Company
GPM,Guggenheim Enhanced Equity
GPN,Global Payments Inc
GPRK,Geopark Hldgs Lmtd
GPS,Gap Inc
GPT,Gramercy Capital Corp.
GPT-A,Gramercy Property Trust 8.125 P
GPX,Gp Strategies Corp
GRA,W.R. Grace & Company
GRAM,Graa Y Montero S.A.A.
GRO,Agria Corp
GRP.U,Granite Real Estate Investment
GRR,Asia Tigers Fund
GRT,Glimcher Realty Trust
GRT-G,Glimcher Rlty Pfd G
GRT-H,Glimcher Realty Trust
GRT-I,Glimcher Realty Trust
GRX,The Gabelli Healthcare & Wellness Trust
GRX-A,The Gabelli Healthcare & Welln
GS,Goldman Sachs Group
GS-A,Goldman Sachs Pfd
GS-B,Goldman Dep Sh
GS-C,Goldman Dep Sh
GS-D,Goldman Sachs Dep Sh
GS-I,The Goldman Sachs Group Inc
GS-J,Goldman Sachs Group Inc
GSE,GSE Holding Inc
GSF,Goldman Sachs Group
GSH,Guangshen Railway Company
GSI,General Steel Holdings
GSJ,Goldman Sachs Group Inc. [The]
GSK,Glaxosmithkline Plc
GSL,Global Ship Lease Inc
GTI,Graftech International Ltd
GTN,Gray Television
GTN.A,Gray Television
GTS,Triple-S Management Corp
GTY,Getty Realty Corp
GUA,Gulf Power Company Series 2011A
GUT,Gabelli Utility Trust
GUT-A,Gabelli Util Pfd A
GVA,Granite Construction Inc
GWR,Genesee & Wyoming
GWRE,Guidewire Software Inc. Common
GWRU,Genesee & Wyoming
GWW,W.W. Grainger
GXP,Great Plains Energy Inc
GXP-A,Great Plains Energy 3.8%
GXP-D,Great Plains Energy 4.35%
GXP-E,Great Plains Energy 4.5%
GY,Gencorp Inc
GYB,Cabco Series 2004-101 Trust
GYC,Corporate Asset Backed Corp Cabco
GZT,Gazit-Globe Ltd
H,Hyatt Hotels Corp
HAE,Haemonetics Corp
HAL,Halliburton Company
HAR,Harman International Industries Inc
HASI,Hannon Armstrong Sustainable In
HAV,Helios Advantage
HBI,Hanesbrands Inc
HBM,Hudbay Minerals Inc
HCA,Hca Holdings Inc. Common Stock
HCC,Hcc Insurance Holdings
HCI,Homeowners Choice
HCJ,Homeowners Choice Inc
HCLP,Hi-Crush Partners LP
HCN,Health Care REIT
HCN-I,Health Care REIT Inc
HCN-J,Health Care REIT Inc
HCP,HCP Inc
HD,Home Depot
HDB,Hdfc Bank Limited
HDY,Hyperdynamics Corp
HE,Hawaiian Electric Industries
HE-U,Heco Cap III 6.50
HEI,Heico Corp
HEI.A,Heico Cp Cl A
HELI,Chc Group Ltd.
HEP,Holly Energy Partners L.P.
HEQ,John Hancock Hedged Eqty & Inc
HES,Hess Corp
HF,HFF Inc
HFC,Hollyfrontier Corp
HGG,Hhgregg Inc
HGH,The Hartford Financial Srvcs G
HGR,Hanger Orthopedic Group
HGT,Hugoton Royalty Trust
HHC,Howard Hughes Corp
HHS,Harte-Hanks
HHY,Helios High Yield Fund
HI,Hillenbrand Inc
HIG,Hartford Financial Services Group
HIG.W,Hartford Financial Services Group
HIH,Helios High Income Fund Inc
HII,Huntington Ingalls Industries
HIL,Hill International
HIO,Western Asset High
HIW,Highwoods Properties
HIX,Western Asset High Income Fund II Inc
HJJ,MS S.A.C. Saturns Goldman Sachs
HJN,MS S.A.C. Saturns Ge Series 2002-14
HJR,Saturns Trust No 2005 3
HJV,MS S.A.C. Saturns Ge Series 2002-14
HK,Halcon Resources
HL,Hecla Mining Company
HL-B,Hecla Mining Pfd B
HLF,Herbalife Ltd
HLS,Healthsouth Corp
HLT,Hilton Worldwide Holdings Inc.
HLX,Helix Energy Solutions Group
HMC,Honda Motor Company
HME,Home Properties
HMH,Helios Multi-Sector High
HMN,Horace Mann Educators Corp
HMY,Harmony Gold Mining Co. Ltd
HNI,Hon Industries Inc
HNP,Huaneng Power Intl
HNR,Harvest Natural Resources Inc
HNT,Health Net Inc
HOG,Harley-Davidson Inc
HON,Honeywell International Inc
HOS,Hornbeck Offshore Services
HOT,Starwood Hotels & Resorts Worldwide
HOV,Hovnanian Enterprises Inc
HOVU,Hovnanian Enterprises Inc
HP,Helmerich & Payne
HPF,John Hancock Pfd II
HPI,John Hancock Preferred
HPP,Hudson Pacific Properties
HPP-B,Hudson Pacific Properties Inc
HPQ,Hewlett-Packard Company
HPS,John Hancock Preferred Income Fund III
HPT,Hospitality Properites Trust
HPT-D,Hospitality Properties Trust
HPY,Heartland Payment Systems
HQH,H&Q Healthcare Investors
HQL,H&Q Life Sciences Investors
HR,Healthcare Realty Trust Inc
HRB,H&R Block
HRC,Hill-Rom Holdings Inc
HRG,Harbinger Group Inc
HRL,Hormel Foods Corp
HRS,Harris Corp
HSA,Helios Strategic Income Fd Inc
HSBC,HSBC Holdings Plc
HSC,Harsco Corp
HSEA,HSBC Holdings Plc. Perpetual S
HSEB,HSBC Holdings Plc Perp Sub Cap
HSH,Hillshire Brands Company
HSP,Hospira Inc
HST,Host Marriott Financial Trust
HSY,Hershey Foods Corp
HT,Hersha Hospitality Trust
HT-B,Hersha Hospitality Trust
HT-C,Hersha Hospitality Trust
HTA,Healthcare Trust of America I
HTD,John Hancock Tax Advantaged Dividend
HTF,Horizon Technology Finance Cor
HTGC,Hercules Technology Growth Capital
HTGY,Hercules Technology Growth Cap
HTGZ,Hercules Technology Growth Capi
HTH,Hilltop Holdings Inc
HTR,Hyperion Brookfield Total Return Fund
HTS,Hatteras Financial Corp
HTS-A,Hatteras Financial Corp Cum Red
HTY,John Hancock Tax-Advantaged Global
HTZ,Hertz Global Holdings Inc
HUB.A,Hubbell Inc A
HUB.B,Hubbell Inc B
HUM,Humana Inc
HUN,Huntsman Corp
HUS-D,HSBC USA Cum Pfd D
HUS-F,HSBC USA Pfd F
HUS-G,HSBC Dep Sh Pfd G
HUS-H,HSBC USA Dep Sh H
HUS-Z,HSBC USA 2.8575 Pfd
HVB,Hudson Valley Holding Corp. Com
HVT,Haverty Furniture Companies
HVT.A,Haverty Furn Cl A SC
HW,Headwaters Inc
HXL,Hexcel Corp
HXM,Desarrolladora Homex
HY,Hyster-Yale Materials Handling
HYB,New America High
HYF,Managed High Yield Plus Fund
HYI,Western Asset High Yield Defined
HYL,Lehman Abs Corp
HYT,Blackrock High Yield Fund Vi Inc
HZO,Marinemax Inc
I,Intelsat S.A. Common Shares
I-A,Intelsat S.A.
IAE,ING Asia Pacific High Dividend Equity
IAG,Iamgold Corp
IBA,Industrias Bachoco S.A. De C.V.
IBM,International Business Machines Corp
IBN,Icici Bank Limited
IBP,Installed Building Products I
ICA,Empresas Ica Soc Contrladora
ICB,MS Income Securities
ICE,Intercontinentalexchange
IDA,Idacorp Inc
IDE,ING Infrastructure Industrial
IDG,ING Group N.V.
IDT,IDT Corp
IEH,Integrys Energy Group Inc
IEX,Idex Corp
IFF,International Flavors & Fragrances
IFN,India Fund
IFT,Imperial Holdings
IGA,ING Global Advantage and Premium
IGD,ING Global Equity Dividend and Premium
IGI,Western Asset Investment Grade Defined
IGR,ING Clarion Global Real Estate
IGT,International Game Technology
IHC,Independence Holding Company
IHD,ING Emerging Markets High Dividend
IHG,Intercontinental Hotels Group
IHS,IHS Inc
IID,ING International High Dividend Equity
IIF,Morgan Stanley India Investment Fund Inc
IIM,Invesco Insured Muni Income Trust
IL,Intralinks Holdings
IM,Ingram Micro Inc
IMAX,Imax Corp
IMF,Western Asset Inflation Fund Inc
IMN,Imation Corp
IMPV,Imperva Inc
INB,Cohen & Steers Global Income Builder
IND,ING Group N.V.
INF,Brookfield Global Listed Infra
INFY,Infosys Limited
ING,ING Group N.V.
INGR,Ingredion Inc
INN,Summit Hotel Properties
INN-A,Summit Hotel Properties Inc
INN-B,Summit Hotel Properties Inc
INN-C,Summit Hotel Properties Inc
INT,World Fuel Services Corp
INVN,Invensense Inc
INXN,Interxion Holding N.V.
INZ,ING Group N.V.
IO,ION Geophysical Corp
IOC,Interoil Corp
IP,International Paper Company
IPG,Interpublic Group of Companies
IPHI,Inphi Corp
IPI,Intrepid Potash Inc
IPL-D,Interstate Power and Light Co.
IQI,Invesco Quality Muni Income Trust
IR,Ingersoll-Rand Plc (Ireland)
IRC,Inland Real Estate Corp
IRC-A,Inland Real Estate Corp
IRE,Governor and Company of The Bank of Ireland
IRE-B,Investors Real Estate Trust 7.9
IRET,Investors Real Estate Trust
IRF,International Rectifier Corp
IRL,Irish Investment Fund
IRM,Iron Mountain Inc
IRR,ING Risk Managed Natural Resources Fund
IRS,Irsa Inversiones Y Representaciones S.A.
ISD,Prudential Short Duration High
ISF,ING Group N.V.
ISG,ING Group N.V.
ISH,International Shipholding Corp
ISH-A,International Shipholding Copr
ISH-B,International Shipholding Corp
ISP,ING Group N.V.
ISS,Isoftstone Holdings
IT,Gartner Inc
ITC,Itc Holdings
ITG,Investment Technology Group
ITT,Itt Industries
ITUB,Itau Unibanco Banco Holding Sa
ITW,Illinois Tool Works Inc
IVC,Invacare Corp
IVH,Ivy High Income Opportunities
IVR,Invesco Mortgage Capital Inc
IVR-A,Invesco Mortgage Capital Inc
IVZ,Invesco Plc
IX,Orix Corp Ads
JAH,Jarden Corp
JBJ,Lehman Abs Corp
JBK,Lehman Abs Corp
JBL,Jabil Circuit
JBN,Select Asset Inc
JBO,Lehman Abs Corp
JBR,Select Asset Inc
JBT,John Bean Technologies Corp
JCE,Nuveen Core Equity Alpha Fund
JCI,Johnson Controls
JCP,J.C. Penney Company Inc
JDD,Nuveen Diversified Dividend and
JE,Just Energy Group Inc
JEC,Jacobs Engineering Group Inc
JEQ,Japan Equity Fund
JFC,Jf China Region Fund
JFR,Nuveen Floating Rate
JGG,Nuveen Global Government Enhanced
JGT,Nuveen Multi-Currency Short-Term Government
JGV,Nuveen Global Value Opportunities Fund
JGW,Jgwpt Holdings Inc
JHI,John Hancock Investors Trust
JHP,Nuveen Quality Preferred Income Fund 3
JHS,John Hancock Income Securities Trust
JHX,James Hardie Industries Se
JKS,Jinkosolar Holding Company Limited
JLA,Nuveen Equity Premium Advantage Fund
JLL,Jones Lang Lasalle Inc
JLS,Nuveen Mortgage Opportunity Term Fund
JMF,Nuveen Energy MLP Total Return Fund
JMI,Javelin Mortgage Investment Co
JMP,JMP Group Inc
JMPB,JMP Group Inc
JMPC,JMP Group Inc.
JMT,Nuven Mortgage Opportunity Term Fund 2
JNJ,Johnson & Johnson
JNPR,Juniper Networks
JNS,Janus Capital Group Inc
JNY,Jones Group
JOE,St. Joe Company
JOF,Japan Smaller Capitalization Fund Inc
JONE,Jones Energy Inc
JOY,Joy Global Inc
JPC,Nuveen Preferred and Convertible
JPG,Nuveen Equity Premium and Growth Fund
JPI,Nuveen Preferred and Income Term Fund
JPM,JP Morgan Chase & Co
JPM-A,JP Morgan Chase & Co.
JPM-B,Jpmorgan Chase & Co. 6.70%
JPM-C,JP Morgan Chase Capital Xxix 6.7
JPM-D,JP Morgan Chase & Co.
JPM.W,JP Morgan Chase & Co
JPS,Nuveen Quality Preferred 2
JPW,Nuveen Flexible Investment Inc
JPZ,Nuveen Equity Premium
JQC,Nuveen Preferred and Convertible 2
JRI,Nuveen Real Asset Income and Gr
JRN,Journal Communications
JRO,Nuveen Floating Rate Income Opportuntiy
JSD,Nuveen Short Duration Credit O
JSN,Nuveen Equity Premium Opportunity
JTA,Nuveen Tax-Advantaged Total Return
JTD,Nuveen Tax-Advantaged Dividend Growth
JTP,Nuveen Quality Preferred
JW.A,John Wiley Sons Cl A
JW.B,John Wiley Sons Cl B
JWN,Nordstrom
JZC,Lehman Abs Corp
JZJ,Lehman Abs Corp
JZK,Lehman Abs Corp
K,Kellogg Company
KAI,Kadant Inc
KAMN,Kaman Corp
KAP,Kcap Financial Inc
KAR,Kar Auction Services Inc
KATE,Kate Spade & Company
KB,KB Financial Group Inc
KBH,KB Home
KBR,KBR Inc
KCC,Lehman Abs Corp
KCG,Kcg Holdings Inc
KED,Kayne Anderson Energy Development Company
KEF,Korea Equity Fund
KEG,Key Energy Services
KEM,Kemet Corp
KEP,Korea Electric Power Corp
KEX,Kirby Corp
KEY,Keycorp
KEY-G,Keycorp Pfd Ser A
KF,Korea Fund
KFH,KKR Financial Holdings Llc
KFI,KKR Financial Holdings Llc
KFN,KKR Financial
KFN.P,KKR Financial Holdings Llc Pfd
KFS,Kingsway Financial Services
KFY,Korn/Ferry International
KGC,Kinross Gold Corp
KHI,Scudder High Income Trust
KID,Kid Brands
KIM,Kimco Realty Corp
KIM-H,Kimco Realty Corporation Deposi
KIM-I,Kimco Realty Corporation Deposi
KIM-J,Kimco Realty Corporation Class
KIM-K,Kimco Realty Corporation Class
KIO,KKR Income Opportunities Fund
KKD,Krispy Kreme Doughnuts
KKR,KKR & Co. L.P.
KMB,Kimberly-Clark Corp
KMF,Kayne Anderson Midstream Energy Fund
KMG,KMG Chemicals
KMI,Kinder Morgan
KMI.W,Kinder Morgan Inc. W/I
KMM,Scudder Multi-Market Income Trust
KMP,Kinder Morgan Energy Partners L.P.
KMPA,Kemper Corporation 7.375% Subor
KMPR,Unitrin
KMR,Kinder Morgan Management Llc
KMT,Kennametal Inc
KMX,Carmax Inc
KN,Knowles Corporation Common Stoc
KND,Kindred Healthcare
KNL,Knoll Inc
KNM,Konami Corp
KNOP,Knot Offshore Partners LP Commo
KNX,Knight Transportation
KO,Coca-Cola Company
KODK,Eastman Kodak
KOF,Coca Cola Femsa S.A.B. De C.V.
KOG,Kodiak Oil
KOP,Koppers Holdings Inc
KORS,Michael Kors Holdings Limited
KOS,Kosmos Energy Ltd
KR,Kroger Company
KRA,Kraton Performance Polymers Inc
KRC,Kilroy Realty Corp
KRC-G,Kilroy Realty Corp
KRC-H,Kilroy Realty Corp
KRG,Kite Realty Group Trust
KRG-A,Kite Realty Group Trust
KRO,Kronos Worldwide Inc
KS,Kapstone Paper and Packaging Corp
KSM,Scudder Strategic Municiple Income Trust
KSS,Kohl's Corp
KST,Scudder Strategic Income Trust
KSU,Kansas City Southern
KSU.P,Kansas Cty Sthn 4%
KT,Korea Telecom Corp
KTF,Scudder Municiple Income Trust
KTH,Lehman Abs Corp
KTN,Lehman Abs Corp
KTP,Lehman Abs Corp
KW,Kennedy-Wilson Holdings Inc
KWK,Quicksilver Resources Inc
KWN,Kennedy-Wilson Holdings Inc
KWR,Quaker Chemical Corp
KYE,Kayne Anderson Energy Total Return Fund
KYN,Kayne Anderson MLP Investment Company
KYN-E,Kayne Anderson MLP Investment
KYN-F,Kayne Anderson MLP Investment
KYN-G,Kayne Anderson MLP Investment
KYO,Kyocera Corp
L,Loews Corp
LAD,Lithia Motors
LADR,Ladder Capital Corp
LAS,Lentuo International Inc
LAZ,Lazard Ltd
LB,L Brands Inc
LBF,Scudder Global High
LCI,Lannett Co Inc
LCM,Advent/Claymore Enhanced Growth &
LDF,Latin American Discovery Fund
LDK,Ldk Solar Co. Ltd
LDL,Lydall Inc
LDOS,Leidos Holdings Inc
LDP,Cohen & Steers Ltd Duration Preferred Income Fun
LDR,Landauer Inc
LEA,Lear Corp
LEAF,Springleaf Holdings Inc
LEE,Lee Enterprises Inc
LEG,Leggett & Platt Inc
LEN,Lennar Corp
LEN.B,Lennar Corp
LEO,Dreyfus Strategic Municipals
LF,Leapfrog Enterprises Inc
LFC,China Life Insurance Company Limited
LFL,Latam Airlines Group Sa
LG,Laclede Group
LGF,Lions Gate Entertainment Corp
LGI,Lazard Global Total Return and
LGP,Lehigh Gas Partners LP
LH,Laboratory Corporation of America Holdings
LHO,Lasalle Hotel Properties
LHO-G,Lasalle Hotel Proper
LHO-H,Lasalle Hotl 8.375 B
LHO-I,Lasalle Hotel Properties
LII,Lennox International
LIN,Lin Media Llc
LITB,Lightinthebox Holding Co. Ltd
LL,Lumber Liquidators Holdings Inc
LLL,L-3 Communications Holdings
LLY,Eli Lilly and Company
LM,Legg Mason Inc
LMT,Lockheed Martin Corp
LNC,Lincoln National Corp
LNC.W,Lincoln National Corp
LND,Brasilagro Brazi ADR
LNKD,Linkedin
LNN,Lindsay Corp
LNT,Alliant Energy Corp
LO,Lorillard Inc
LOCK,Lifelock Inc
LOR,Lazard World Dividend &
LOW,Lowe's Companies
LPI,Laredo Petroleum Holdings Inc
LPL,Lg Display Co. Limited American
LPT,Liberty Property Trust
LPX,Louisiana-Pacific Corp
LRE,Lrr Energy L.P.
LRN,K12 Inc
LRY,Liberty Property Trust
LTC,Ltc Properties
LTM,Life Time Fitness
LUB,Luby's Inc
LUK,Leucadia National Corp
LUV,Southwest Airlines Company
LUX,Luxottica Group S.P.A.
LVLT,Level 3 Communications
LVS,Las Vegas Sands
LXFR,Luxfer Holdings Plc
LXFT,Luxoft Holding Inc
LXK,Lexmark International
LXP,Lexington Realty Trust
LXP-C,Lexington Realty Tru
LXU,Lsb Industries Inc
LYB,Lyondellbasell Industries Nv
LYG,Lloyds Banking Group Plc
LYG-A,Lloyds Banking Group Plc
LYV,Live Nation Entertainment
LZB,La-Z-Boy Inc
M,Macy's Inc
MA,Mastercard Inc
MAA,Mid-America Apartment Communities
MAC,Macerich Company
MAIN,Main Street Capital Corp
MAN,Manpower Inc
MANU,Manchester United Ltd
MAS,Masco Corp
MATX,Matson Inc
MAV,Pioneer Muni High Income Advantage Trust
MBI,MBIA Inc
MBT,Mobile Telesystems
MCA,Blackrock Muniyield California Insured Fund
MCC,Medley Capital Corp
MCD,McDonald's Corp
MCI,Massmutual Corporate Investors
MCK,Mckesson Corp
MCN,Madison/Claymore Covered Call & Equity Strategy
MCO,Moody's Corp
MCP,Molycorp Inc
MCP-A,Molycorp Inc Pfd Conv Ser A
MCQ,Medley Capital Corporation 7.12
MCR,MFS Charter Income Trust
MCS,Marcus Corp
MCV,Medley Capital Corp
MCY,Mercury General Corp
MD,Mednax Inc
MDC,M.D.C. Holdings
MDP,Meredith Corp
MDR,McDermott International
MDT,Medtronic Inc
MDU,Mdu Res Group Inc
MED,Medifast Inc
MEG,Media General
MEI,Methode Electronics
MEN,Blackrock Munienhanced Fund
MEP,Midcoast Energy Partners L.P.
MER-D,Merrill Lyn 7.0 Topr
MER-E,M L Cap TR 7.12
MER-F,Merrill Ly Cap V7.28
MER-K,ML 6.45% Trust Pfd
MER-M,ML Cap TR II 6.45% P
MER-P,ML Cap TR III 7.375%
MET,Metlife Inc
MET-A,Metlife Pfd A Fltg
MET-B,Metlife Inc Pfd B
MFA,MFA Financial Inc
MFA-B,MFA Financial Inc
MFC,Manulife Financial Corp
MFD,Macquarie/First Trust Global
MFG,Mizuho Financial Group
MFL,Blackrock Muniholdings Investment Quality Fund
MFM,MFS Muni Income Trust
MFO,MFA Financial Inc
MFT,Blackrock Muniyield Investment Qualityfund
MFV,MFS Special Value Trust
MG,Mistras Group Inc
MGA,Magna International
MGF,MFS Government Markets Income Trust
MGM,MGM Resorts International
MGR,Affiliated Managers Group Inc
MGU,Macquarie Global Infrastructure Total Return Fun
MH-A,Maiden Holdings Ltd. 8.25%
MHD,Blackrock Muniholdings Fund
MHF,Western Asset Muni High
MHFI,The McGraw-Hill Companies Inc
MHG,Marine Harvest ASA Sponsored Ad
MHI,Pioneer Muni High Income Trust
MHK,Mohawk Industries
MHN,Blackrock Muniholdings New York Quality Fund
MHNA,Maiden Holdings North America
MHNB,Maiden Holdings North America
MHNC,Maiden Holdings North America
MHO,M/I Homes
MHO-A,M/I Homes Sr A Pf Ds
MHR,Magnum Hunter Resources Corp
MHY,Western Asset Managed High
MIC,Macquarie Infrastructure Company Trust
MIE,Cohen & Steers MLP Income and
MIG,Meadowbrook Insurance Group
MIL,Mfc Industrial Ltd
MILL,Miller Petroleum
MIN,MFS Intermediate Income Trust
MIT-A,Ag Mortgage Investment Trust
MITT,Ag Mortgage Investment Trust
MIXT,Mix Telematics Limited
MIY,Blackrock Muniyield Michigan Quality Fund
MJI,Blackrock Muniyield New Jersey Quality Fund
MJN,Mead Johnson Nutrition Company
MKC,Mccormick & Company Inc
MKC.V,Mccormick & Company Inc
MKL,Markel Corp
MLG,Metlife Inc
MLI,Mueller Industries
MLM,Martin Marietta Materials
MLP,Maui Land & Pineapple Company
MLR,Miller Industries
MLU,Metlife Inc
MM,Millennial Media Inc
MMC,Marsh & Mclennan Companies
MMD,Mainstay Defined Muni Opp Fund
MMI,Marcus & Millichap
MMM,3M Company
MMP,Magellan Midstream Partners L.P.
MMS,Maximus Inc
MMT,MFS Multimarket Income Trust
MMU,Western Asset Managed Municipals Fund
MN,Manning & Napier Inc
MNE,Blackrock Muni New York Intermediate Duration Fu
MNI,Mcclatchy Company
MNK,Mallinckrodt Plc Ordinary Share
MNP,Western Asset Muni Partners Fund
MNR,Monmouth Real Estate Investment Corp
MNR-A,Monmouth Real Estate Inv
MNR-B,Monmouth Real Estate Investmen
MO,Altria Group
MOD,Modine Manufacturing Company
MODN,Model N Inc. Common Stock
MOG.A,Moog Inc
MOG.B,Moog Inc
MOH,Molina Healthcare Inc
MON,Monsanto Company
MOS,Mosaic Company
MOV,Movado Group Inc
MP-D,Mississippi Pr 5.25
MPA,Blackrock Muniyield Pennsylvania Quality Fund
MPC,Marathon Petroleum Corp
MPLX,Mplx LP
MPO,Midstates Petroleum Company I
MPV,Massmutual Participation Investors
MPW,Medical Properties Trust
MPX,Marine Products Corp
MQT,Blackrock Muniyield Quality Fund II
MQY,Blackrock Muniyield Quality Fund
MR,Mindray Medical International Limited
MRC,Mrc Global Inc
MRF,American Income Fund Inc
MRH,Montpelier Re Holdings Ltd
MRH-A,Montpelier Re Holdings Ltd
MRIN,Marin Sotfware Incorporated
MRK,Merck & Company
MRO,Marathon Oil Corp
MS,Morgan Stanley
MS-A,Morgan Stanley Prfd 'A'
MS-E,Morgan Stanley
MS-F,Morgan Stanley
MSA,Msa Safety Inc.
MSB,Mesabi Trust
MSCA,Main Street Capital Corporatio
MSCI,MSCI Inc
MSD,Morgan Stanley Emerging Markets Debt
MSF,Morgan Stanley Emerging Markets Fund Inc
MSI,Motorola Solutions
MSJ,Morgan Stanley Cap Trust Vi Cap Securities
MSK,Morgan Stanley Cap TR ViII Gdt Cap Securities
MSL,Midsouth Bancorp
MSM,Msc Industrial Direct Company
MSO,Martha Stewart Living Omnimedia
MSP,Madison Strategic Sector Premium Fund
MSZ,Morgan Stanley Capital Trust Vii Cap Secs
MT,Arcelormittal
MTB,M&T Bank Corp
MTB-A,M&T Cap TR Pfd
MTB-C,M&T Bank Corporation Fixed Rate
MTB.P,M&T Bank Corporation Fixed Rate
MTB.W,M&T Bank Corporation Warrants
MTCN,Arcelormittal
MTD,Mettler-Toledo International
MTDR,Matador Resources Company
MTG,Mgic Investment Corp
MTH,Meritage Corp
MTL,Mechel Steel Group Oao
MTL.P,Mechel Steel Group Oao American
MTN,Vail Resorts
MTOR,Arvinmeritor
MTR,Mesa Royalty Trust
MTRN,Brush Wellman Inc
MTS,Montgomery Street Income Securities
MTT,Western Asset Muni Defined Opportunity Trust Inc
MTU,Mitsubishi Ufj Financial Group Inc
MTW,Manitowoc Company
MTX,Minerals Technologies Inc
MTZ,Mastec Inc
MUA,Blackrock Muniassets Fund
MUC,Blackrock Muniholdings California Quality Fund
MUE,Blackrock Muniholdings Quality Fund II
MUH,Blackrock Muniholdings Fund II
MUI,Blackrock Muni Intermediate Duration Fund Inc
MUJ,Blackrock Muniholdings New Jersey Insured Fund
MUR,Murphy Oil Corp
MUS,Blackrock Muniholdings Quality Fund
MUSA,Murphy USA Inc. Common Stock Wh
MUX,Mcewen Mining Inc
MVC,MVC Capital
MVCB,MVC Capital Inc
MVNR,Mavenir Systems Inc. Common ST
MVO,Mv Oil Trust
MVT,Blackrock Munivest Fund II
MW,Men's Wearhouse
MWA,Mueller Water Products
MWE,Markwest Energy Partners LP
MWG,Morgan Stanley Cap TR IV Gtd Cap Secs
MWO,Morgan Stanley Cap TR V Gtd Cap Secs
MWR,Morgan Stanley Cap TR III Capital Trust Securiti
MWV,Meadwestvaco Corp
MWW,Monster Worldwide
MX,Magnachip Semiconductor Corp
MXE,Mexico Equity and
MXF,Mexico Fund
MXL,Maxlinear Inc
MXT,Maxcom Telecomunicaciones Sab De Cv
MY,China Ming Yang Wind Power Group Limited
MYC,Blackrock Muniyield California Fund
MYCC,Clubcorp Holdings Inc
MYD,Blackrock Muniyield Fund
MYE,Myers Industries
MYF,Blackrock Muniyield Investment Fund
MYI,Blackrock Muniyield Quality Fund III
MYJ,Blackrock Muniyield New Jersey Fund
MYM,Blackrock Muniyield Michigan Quality Fund II
MYN,Blackrock Muniyield New York Quality Fund
MZF,Managed Duration Investment Grade Fund
N,Netsuite Inc
NAC,Nuveen California Divadv Fund
NAD,Nuveen Divadv Fund
NADL,North Atlantic Drilling Ltd. Co
NAN,Nuveen New York Divadv Fund
NAN-C,Nuveen NY Div Advantage Muni F
NAN-D,Nuveen New York Dividend Advan
NAT,Nordic American Tanker Shipping Limited
NAV,Navistar International Corp
NAV-D,Navistar Intl Pfd D
NAZ,Nuveen Arizona Premium Fund
NBB,Nuveen Build America Bond Fund
NBD,Nuveen Build America Bond Opportunity Fund
NBG,National Bank of Greece Sa
NBG-A,Natl Bk of Gr Pfd Ad
NBHC,National Bank Holdings Corp
NBL,Noble Energy Inc
NBR,Nabors Industries
NC,Nacco Industries
NCA,Nuveen California Muni Value Fund
NCFT,Norcraft Companies Inc
NCI,Navigant Consulting
NCO,Nuveen California Muni Market Opportunity Fund
NCP,Nuveen California Performance Plus Fund
NCR,NCR Corp
NCS,NCI Building Systems
NCT,Newcastle Investment Corp
NCT-B,Newcastle Inv Pfd B
NCT-C,Newcastle Investment Corporatio
NCT-D,Newcastle Invt Corp
NCT.P,Newcastle Inv Pfd C
NCU-C,Nuveen California Premium Inco
NCV,Agic Convertible &
NCZ,Agic Convertible & II
NDP,Tortoise Energy Independence F
NDRO,Enduro Royalty Trust
NDZ,Nordion Inc
NE,Noble Corp
NEA,Nuveen Insured Tax-Free Advantage Fund
NED,Noah Education Holdings Ltd
NEE,Nextera Energy
NEE-C,Fpl Group Inc. 5 7/8% Preferre
NEE-F,Fpl Group Inc. Fpl Group Capit
NEE-G,Nextera Energy Capital Holding
NEE-H,Nextera Energy Capital Holding
NEE-I,Nextera Energy Capital Holding
NEE-J,Nextera Energy Capital Holding
NEE-O,Nextera Energy Inc
NEE-P,Nextera Energy Inc
NEM,Newmont Mining Corp
NES,Nuverra Environmental Solutions Inc
NEU,Newmarket Corp
NEV,Nuveen Enhanced Muni Value Fund
NEWM,New Media Investment Group Inc.
NFG,National Fuel Gas Company
NFJ,Nfj Dividend Interest & Premium Strategy Fund
NFX,Newfield Exploration Company
NGG,National Grid Transco Plc
NGL,Ngl Energy Partners LP
NGLS,Targa Resources Partners LP
NGS,Natural Gas Services Group
NGVC,Natural Grocers By Vitamin Cottage Inc
NGX-C,Nuveen Insured Massachusetts T
NHF,Nexpoint Credit Strategies Fund
NHI,National Health Investors
NI,NiSource Inc
NID,Nuveen Intermediate Duration M
NIE,Agic Equity & Convertible
NIM,Nuveen Maturities Fund
NIO,Nuveen Insured Muni Opportunity Fund
NIQ,Nuveen Intermediate Duration Q
NJ,Nidec Corp
NJR,Newjersey Resources Corp
NKA,Niska Gas Storage Partners Llc
NKE,Nike Inc
NKG,Nuveen Georgia Divadv Fund 2
NKG-C,Nuveen Georgia Div Adv Mun Fd
NKG-D,Nuveen Ga Div Advantage Muni F
NKX,Nuveen Insured California Tax-Free
NL,NL Industries
NLS,Nautilus Group
NLSN,Nielsen Holdings N.V.
NLY,Annaly Capital Management Inc
NLY-A,Annaly Capital Manag
NLY-C,Annaly Capital Management Inc
NLY-D,Annaly Capital Management Inc
NM,Navios Maritime Holdings Inc
NM-G,Navios Maritime
NMA,Nuveen Muni Advantage Fund
NMBL,Nimble Storage Inc.
NMFC,New Mountain Finance Corporati
NMI,Nuveen Muni
NMK-B,Niagara Mohawk Holdings Inc. P
NMK-C,Niagara Mohawk 3.60
NMM,Navios Maritime Partners LP
NMO,Nuveen Muni Market Opportunity Fund
NMR,Nomura Holdings Inc ADR
NMT,Nuveen Massachusetts Premium Fund
NMT-C,Nuveen Mass Prem Inc
NMT-D,Nuveen Massachusetts Premium In
NMY,Nuveen Maryland Premium Fund
NMY-C,Nuveen Maryland Premium Income
NMY-D,Nuveen Maryland Premium Income
NMY-E,Nuveen Maryland Premium Income
NMY-F,Nuveen Maryland Premium Income
NMY-G,Nuveen Maryland Premium Income
NMY-H,Nuveen Maryland Premium Income
NNA,Navios Maritime Acquisition Corp
NNC,Nuveen North Carolina Premium Fund
NNC-C,Nuveen Nc Prem Inc
NNC-D,Nuveen North Carolina Premium
NNC-E,Nuveen Nc Premium Income Muni
NNC-F,Nuveen Nc Premium Income Muni
NNC-G,Nuveen North Carolina Premium
NNI,Nelnet Inc
NNJ,Nuveen New Jersey Premium Fund
NNN,National Retail Properties
NNN-D,National Retail Properties In
NNN-E,National Retail Properties Depo
NNP,Nuveen New York Performance Plus Fund
NNY,Nuveen New York Muni Value Fund
NOA,North American Energy Partners
NOAH,Noah Holdings Ltd
NOC,Northrop Grumman Corp
NOK,Nokia Corp
NOM-C,Nuveen Missouri Premium Income
NOR,Noranda Aluminum Holding Corp
NOV,National-Oilwell
NOW,Servicenow Inc
NP,Neenah Paper
NPD,China Nepstar Chain Drugstore Ltd
NPF,Nuveen Premier Muni
NPI,Nuveen Premium Fund
NPK,National Presto Industries
NPM,Nuveen Premium Fund II
NPO,Enpro Industries
NPP,Nuveen Performance Plus Fund
NPT,Nuveen Premium Fund IV
NPTN,Neophotonics Corp
NPV,Nuveen Virginia Premium Fund
NQ,Netqin Mobile Inc
NQC,Nuveen California Investment
NQI,Nuveen Insured Quality Fund
NQJ,Nuveen New Jersey Investment
NQM,Nuveen Investment Quality Fund
NQP,Nuveen Pennsylvania Investment
NQP-C,Nuveen Pennsylvania Investment
NQP-D,Nuveen Pennsylvania Investment
NQS,Nuveen Quality Fund
NQU,Nuveen Quality
NR,Newpark Resources
NRF,Northstar Realty Finance
NRF-A,Northstar Realty Pfd
NRF-B,Northstar Rlty Ser B
NRF-C,Northstar Realty Finance Corp
NRF-D,Northstar Realty Finance Corp
NRG,NRG Energy
NRK,Nuveen Insured New York Tax-Free
NRK-C,Nuveen Insured New York Tax-Fre
NRP,Natural Resource Partners LP
NRT,North European Oil Royality Trust
NRZ,New Residential Investment Corp
NS,Nustar Energy L.P.
NSC,Norfolk Southern Corp
NSH,Nustar Gp Holdings Llc
NSL,Nuveen Senior
NSLP,New Source Energy Partners L.P
NSM,Nationstar Mortgage Holdngs I
NSP,Insperity Inc
NSR,Neustar Inc
NSS,Nustar Logistics L.P.
NTC,Nuveen Connecticut Premium Fund
NTC-C,Nuveen Conn Prem Inc
NTC-D,Nuveen Connecticut Premium Inc
NTC-E,Nuveen Connecticut Premium Inc
NTC-F,Nuveen Ct Premium Income Muni
NTC-G,Nuveen Ct Premium Income Muni
NTE,Nam Tai Electronics
NTG,Tortoise MLP Fund
NTI,Northern Tier Energy LP
NTL,Nortel Inversora Sa ADR
NTT,Nippon Telegraph and Telephone Corp
NTX,Nuveen Texas Quality
NTX-C,Nuveen Texas Quality Income Mu
NTZ,Natuzzi S.P.A.
NU,Northeast Utilities
NUC,Nuveen California Quality
NUE,Nucor Corp
NUJ-C,Nuveen New Jersey Dividend Adv
NUM,Nuveen Michigan Quality
NUO,Nuveen Ohio Quality
NUS,Nu Skin Enterprises
NUV,Nuveen Muni Value Fund
NUW,Nuveen Muni Value Fund
NVC,Nuveen California Quality Fund
NVGS,Navigator Holdings
NVO,Novo Nordisk A/S
NVR,NVR Inc
NVS,Novartis Ag
NW-C,Natl Wstmst Ads 19C3
NWE,Northwestern Corp
NWHM,New Home Co Llc
NWL,Newell Rubbermaid Inc
NWN,Northwest Natural Gas Company
NWY,New York & Company
NX,Quanex Building Products Corp
NXC,Nuveen California Tax-Free Income
NXK-C,Nuveen New York Dividend Advant
NXN,Nuveen Insured New York Tax-Free
NXP,Nuveen Tax Free Income Portfolio
NXQ,Nuveen Tax Free Income Portfolio II
NXR,Nuveen Tax Free Income Portfolio III
NYCB,New York Community Bancorp
NYLD,NRG Yield Inc
NYT,New York Times Company
NZF-C,Nuveen Dividend Advantage Muni
O,Realty Income Corp
O-E,Realty Income Pfd E
O-F,Realty Income Corp
OAK,Oaktree Capital Group Llc
OAKS,Five Oaks Investment Corp
OAS,Oasis Petroleum Inc
OB,Onebeacon Insurance Group
OC,Owens Corning Inc
OCIP,Oci Partners LP
OCIR,Oci Resources LP
OCN,Ocwen Financial Corp
OCR,Omnicare
OCR-A,Omnicare Cap TR 1
OCR-B,Omnicare Cap TR II
ODC,Oil-Dri Corporation of America
ODP,Office Depot
OEH,Orient-Express Hotels
OFC,Corporate Office Properties
OFC-H,Corp Off Pptys Pfd H
OFC-L,Corp Office Properties Trust
OFG,Oriental Financial Group
OFG-A,Oriental Fin Mips A
OFG-B,Oriental Finl Pfd B
OFG-D,Oriental Financial Group Inc
OGE,Oge Energy Corp
OGS,One Gas Inc.
OHI,Omega Healthcare Investors
OI,Owens-Illinois
OIA,Invesco Muni Income Trust
OIB.C,Oi Sa
OIBR,Oi S.A. Ads
OII,Oceaneering International
OILT,Oiltanking Partners L.P.
OIS,Oil States International
OKE,Oneok Inc
OKS,Oneok Partners L.P.
OLN,Olin Corp
OLP,One Liberty Properties
OMC,Omnicom Group Inc
OME,Omega Protein Corp
OMG,Om Group
OMI,Owens & Minor
OMN,Omnova Solutions Inc
ONE,Higher One Holdings
OPK,Opko Health Inc
OPY,Oppenheimer Holdings
ORA,Ormat Technologies
ORAN,Orange Ads
ORB,Orbital Sciences Corp
ORCL,Oracle Corp
ORI,Old Republic International Corp
ORN,Orion Marine Group Inc
OSK,Oshkosh Truck Corp
OWW,Orbitz Worldwide
OXF,Oxford Resource Partners LP
OXM,Oxford Industries
OXY,Occidental Petroleum Corp
OZM,Och-Ziff Capital Management
P,Pandora Media Inc
PAA,Plains All American Pipeline L.P.
PAC,Grupo Aeroportuario Del Pacifico
PACD,Pacific Drilling S.A.
PAG,Penske Automotive Group
PAGP,Plains Gp Holdings L.P.
PAH,Platform Specialty Products Corp.
PAI,Pacific American Income Shares
PAM,Pampa Energia S.A.
PANW,Palo Alto Networks Inc
PAR,Par Technology Corp
PAY,Verifone Systems
PB,Prosperity Bancshares
PBA,Pembina Pipeline Cor
PBF,PBF Energy Inc
PBH,Prestige Brand Holdings
PBI,Pitney Bowes Inc
PBI-A,Pitney Bowes Inc
PBI-B,Pitney Bowes Inc .6.70% Notes
PBR,Petroleo Brasileiro S.A.- Petrobras
PBR.A,Petroleo Brasileiro S.A.- Petrobras
PBT,Permian Basin Royalty Trust
PBY,Pep Boys-Manny Moe & Jack
PBYI,Puma Biotechnology
PCF,Putnam High Income Bond Fund
PCG,Pacific Gas & Electric Co.
PCI,Pimco Dynamic Credit Income Fun
PCK,Pimco California Muni II
PCL,Plum Creek Timber Company
PCM,Pimco Commercial Mortgage Securities
PCN,Pimco Corporate
PCP,Precision Castparts Corp
PCQ,Pimco California Muni
PDH,Petrologistics LP
PDI,Pimco Dynamic Income Fund
PDM,Piedmont Office Realty Trust
PDS,Precision Drilling Corp
PDT,John Hancock Premium Dividend Fund
PEB,Pebblebrook Hotel Trust
PEB-A,Pebblebrook Hotel Trust Pfd Ser
PEB-B,Pebblebrook Hotel Trust
PEB-C,Pebblebrook Hotel Trust
PEG,Public Service Enterprise Group Inc
PEI,Pennsylvania Real Estate Investment
PEI-A,Penn Real Estate Invest Trust
PEI-B,Pennsylvania Real Estate Inves
PEO,Petroleum Resources Corp
PEP,Pepsico Inc
PER,Sandridge Permian Trust
PES,Pioneer Energy Services Corp
PF,Pinnacle Foods Inc. Common Sto
PFD,Flaherty & Crumrine Preferred Inc
PFE,Pfizer Inc
PFG,Principal Financial Group Inc
PFG-B,Prin Fin Grp Ser B
PFH,Cabco TR Jcp 7.625
PFK,Prudential Financial Inflation-Linked
PFL,Pimco Income Strategy Fund
PFN,Pimco Income Strategy Fund II
PFO,Flaherty & Crumrine Preferred Fund
PFS,Provident Financial Services
PFSI,Pennymac Financial Services In
PFX,Phoenix Companies
PG,Procter & Gamble Company
PGEM,Ply Gem Holdings Inc
PGH,Pengrowth Energy Corp
PGI,Ptek Holdings
PGP,Pimco Global Stocksplus & Income
PGR,Progressive Corp
PGZ,Principal Real Estate Income F
PH,Parker-Hannifin Corp
PHA,Pultegroup
PHD,Pioneer Floating Rate Trust
PHG,Koninklijke Philips Electronics
PHH,Phh Corp
PHI,Philippine Long Distance Telephone
PHK,Pimco High
PHM,Pultegroup
PHT,Pioneer High Income Trust
PHX,Panhandle Royalty Company
PII,Polaris Industries Inc
PIKE,Pike Electric
PIM,Putnam Master Intermediate Income
PIR,Pier 1 Imports
PIY,Merrill Lynch Depositor
PJA,Preferred Plus Trust Ser Qws 2 TR Ctf
PJC,Piper Jaffray Companies
PJH,Prudential Financial Inc
PJL,Preferredplus TR
PJS,Preferredplus Trust
PKD,Parker Drilling Company
PKE,Park Electrochemical Corp
PKG,Packaging Corporation of America
PKH,Preferred Plus Trust Ser Qws-1 7.75
PKI,Perkinelmer
PKO,Pimco Income Opportunity Fund
PKX,Pohang Iron & Steel Co.
PKY,Parkway Properties
PL,Protective Life Corp
PL-B,Plc Cap TR V
PL-C,Protective Life Corp
PL-E,Protective Life Corporation 6.0
PLD,Prologis Inc
PLL,Pall Corp
PLOW,Douglas Dynamics
PLP,Protective Life Corp
PLT,Plantronics
PM,Philip Morris International Inc
PMC,Pharmerica Corp
PMF,Pimco Muni
PML,Pimco Muni II
PMM,Putnam Managed Muni Income Trust
PMO,Putnam Muni Opportunities Trust
PMT,Pennymac Mortgage Investment Trust
PMX,Pimco Muni Income Fund III
PNC,PNC Bank
PNC-P,PNC Financial Services Group I
PNC-Q,The PNC Financial Services Gro
PNC.W,The PNC Financial Services Group
PNF,Pimco New York Muni
PNI,Pimco New York Muni II
PNK,Pinnacle Entertainment
PNM,PNM Resources Inc
PNR,Pentair Ltd
PNTA,Pennantpark Investment Corpora
PNW,Pinnacle West Capital Corp
PNX,Phoenix Companies
PNY,Piedmont Natural Gas Company
POL,Polyone Corp
POM,Potomac Electric Power Company
POR,Portland General Electric Company
POST,Post Holdings Inc.
POT,Potash Corp. of Saskatchewan Inc
POWR,Powersecure International Inc
PPG,PPG Industries
PPL,PPL Corp
PPL-W,PPL Corp
PPO,Polypore International Inc
PPP,Primero Mining Corp
PPR,ING Prime Rate Trust
PPS,Post Properties
PPS-A,Post Prop. 8.5 Pra
PPT,Putnam Premier Income Trust
PPX,PPL Capital Funding Inc
PQ,Petroquest Energy Inc
PRA,Pro-Assurance Corp
PRE,Partnerre Ltd
PRE-D,Partnerre Ltd Pfd D
PRE-E,Partnerre Ltd
PRE-F,Partnerre Ltd
PRGO,Perrigo Company
PRH,Prudential Financial Inc
PRI,Primerica Inc
PRI.B,Primerica Inc
PRIS,Promotora De Informaciones Sa
PRLB,Proto Labs Inc
PRO,Pros Holdings
PRU,Prudential Financial Inflation Retail
PRY,Prospect Capital Corp
PSA,Public Storage
PSA-O,Public Storage Depositary Share
PSA-P,Public Storage
PSA-Q,Public Storage
PSA-R,Depositary Shares Each Represe
PSA-S,Public Storage
PSA-T,Public Storage
PSA-U,Public Storage
PSA-V,Public Storage
PSA-W,Public Storage
PSA-X,Public Storage
PSB,Business Parks
PSB-R,PS Business Parks Inc. 6.875%
PSB-S,PS Business Parks Inc
PSB-T,PS Business Parks Inc
PSB-U,PS Business Parks Inc
PSB-V,PS Business Pks Inc Calif Dep
PSF,Cohen & Steers Preferred Fund
PSO,Pearson Plc
PSX,Phillips 66 Common Stock
PSXP,Phillips 66 Partners LP
PT,Portugal Telecom Sgps S.A .
PTP,Platinum Underwriters Holdings Ltd
PTR,Petrochina Company Limited
PTY,Pimco Corporate Opportunity Fund
PUK,Prudential Public Limited Company
PUK-A,Pru Plc Perp Sub Cap
PUK.P,Prudential 6.75%
PULS,Pulse Electronics Corp
PVA,Penn Virginia Corp
PVD,Administradora De Fondos De Pensiones
PVG,Pretium Res Inc
PVH,Phillips-Van Heusen Corp
PVR,Pvr Partners LP
PVTD,Privatebancorp Inc
PWE,Penn West Petroleum Ltd
PWR,Quanta Services
PX,Praxair
PXD,Pioneer Natural Resources Company
PYB,Pplus Trust
PYC,Pplus Trust
PYK,Pplus Trust
PYN,Pimco New York Muni Income Fund III
PYS,Pplus Trust
PYT,Pplus Trust
PYV,Pplus Trust
PYY,Merrill Lynch Depositor
PZB,Merrill Lynch Depositor
PZC,Pimco California Muni Income Fund III
PZE,Petrobras Argentina S.A.
PZN,Pzena Investment Management Inc
Q,Quintiles Transitional Holdings
QEP,Qep Resources
QEPM,Qep Midstream Partners LP
QIHU,Qihoo 360 Technology Co. Ltd
QRE,Qr Energy LP
QTM,Quantum Corp
QTS,Qts Realty Trust Inc
QUAD,Quad Graphics Inc
R,Ryder System
RAD,Rite Aid Corp
RAI,Reynolds American Inc
RALY,Rally Software
RAS,Rait Financial Trust
RAS-A,Rait Financial TR Pf
RAS-B,Rait Financial TR Pf
RAS-C,Rait Fin TR Pfd C
RATE,Bankrate Inc
RAX,Rackspace Hosting Inc
RBA,Ritchie Bros. Auctioneers Inc
RBC,Regal-Beloit Corp
RBS,Royal Bank Scotland Group Plc
RBS-E,RBS Cap Fndg TR V
RBS-F,Royal Bank Scotland F
RBS-G,RBS Capital Trustvii
RBS-H,Royal Bank Scot Hadssc
RBS-I,RBS Cap Fdg TR Vi
RBS-L,Royal Bank Scotland
RBS-M,Royal Bank Scotland M
RBS-N,RBS Series N Ads Pfd
RBS-P,Royal Bank Scotland
RBS-Q,Royal Bank ADR
RBS-R,Royal Bank Scotland
RBS-S,Royal Bank Scotland
RBS-T,Royal Bank Pfd
RCAP,RCS Capital Corp
RCI,Rogers Communication
RCL,Royal Caribbean Cruises Ltd
RCS,Rcm Strategic Global Government Fund
RDC,Rowan Companies
RDN,Radian Group Inc
RDS.A,Royal Dutch Shell Plc
RDS.B,Royal Dutch Shell
RDY,Dr. Reddy's Laboratories Ltd
RE,Everest Re Group
REG,Regency Centers Corp
REG-F,Regency Centers Corp
REG-G,Regency Centers Corporation Pfd
REN,Resolute Energy Corp
REN.W,Resolute Energy Corp
RENN,Renren Inc
RES,RPC Inc
RESI,Altisource Residential Corporat
REV,Revlon Inc
REX,Rex Stores Corp
REXR,Rexford Industrial Realty Inc
RF,Regions Financial Corp
RF-A,Regions Financial Corp
RFI,Cohen & Steers Total Return Realty Fund
RFP,Resolute Forest Products Inc
RGA,Reinsurance Group of America Inc
RGC,Regal Entertainment Group
RGP,Ross Group Plc
RGR,Sturm Ruger & Company
RGS,Regis Corp
RGT,Royce Global Value Trust Inc
RH,Restoration Hardware Holdings
RHI,Robert Half International Inc
RHP,Gaylord Entertainment Company
RHT,Red Hat Inc
RICE,Rice Energy Inc.
RIG,Transocean Inc
RIO,Rio Tinto Plc
RIOM,Rio Alto Mining Limited
RIT,Lmp Real Estate
RJD,Raymond James Financial Inc
RJF,Raymond James Financial
RKT,Rock-Tenn Company
RKUS,Ruckus Wireless Inc
RL,Ralph Lauren Corp
RLD,Reald Inc
RLGY,Realogy Holdings Corp
RLH,Westcoast Hospitality Corp
RLH-A,Red Lion Htls Cap TR
RLI,Rli Corp
RLJ,Rlj Lodging Trust
RM,Regional Managment Corp
RMAX,Re/Max Holdings Inc
RMD,Resmed Inc
RMT,Royce Micro-Cap Trust
RNDY,Roundy's Inc. Common Stock
RNE,Morgan Stanley East. Euro
RNF,Rentech Nitrogen Partners L.P
RNG,Ringcentral Inc
RNO,Rhino Resource Partners LP
RNP,Cohen & Steers REIT and Preferred
RNR,Renaissancere Holdings Ltd
RNR-C,Renaissancere 6.08 C
RNR-E,Renaissancere Holdings Ltd
ROC,Rockwood Holdings
ROG,Rogers Corp
ROK,Rockwell Automation Inc
ROL,Rollins
ROP,Roper Industries
ROYT,Pacific Coast Oil Trust
RPAI,Retail Properties of America
RPM,RPM International Inc
RPT,Ramco-Gershenson Properties Trust
RPT-D,Ramco-Gershenson Properties Tru
RQI,Cohen & Steers Quality Income Realty Fund Inc
RRC,Range Resources Corp
RRMS,Rose Rock Midstream L.P.
RRTS,Roadrunner Transportation Systems Inc
RS,Reliance Steel & Aluminum Company
RSE,Rouse Properties Inc. Common S
RSG,Republic Services
RSH,Radioshack Corp
RSO,Resource Capital
RSO-A,Resource Capital Corp
RSO-B,Resource Capital Corp.8.25% Se
RSPP,Rsp Permian Inc.
RST,Rosetta Stone
RT,Ruby Tuesday
RTEC,Rudolph Technologies
RTI,Rti International Metals
RTN,Raytheon Company
RUK,Reed Elsevier Plc
RVT,Royce Value Trust
RWT,Redwood Trust
RXN,Rexnord Corp
RY,Royal Bank of Canada
RYL,Ryland Group
RYN,Rayonier Inc. REIT
RZA,Reinsurance Group of America I
S,Sprint Corporation Series 1
SA,Seabridge Gold
SAH,Sonic Automotive
SAIC,Science Applications Internatio
SALT,Scorpio Bulkers Inc. Common Sto
SAM,Boston Beer Company
SAN,Banco Santander
SAN-A,Banco Santander S.A. 6.80% Non
SAN-B,Santander Finance Preferred Sa
SAN-C,Banco Santander S.A. 6.50% Non
SAN-E,Banco Santander S.A. Santander
SAN-F,Banco Santander S.A. Santander
SAN-I,Banco Santander Central Hispano
SAP,SAP Ag
SAQ,Saratoga Investment Corp
SAR,Saratoga Investment Corp
SB,Safe Bulkers Inc
SB-B,Safe Bulkers Inc
SBGL,Sibanye Gold Limited American D
SBH,Sally Beauty Holdings
SBR,Sabine Royalty Trust
SBS,Cia De Saneamento Basico Do Estado
SBW,Western Asset Worldwide Income Fund Inc
SBY,Silver Bay Realty Trust Corp
SC,Santander Consumer USA Holdings
SCCO,Southern Peru Copper Corp
SCD,Lmp Capital and Income Fund Inc
SCE-F,Sce Trust I
SCE-G,Sce Trust II
SCE-H,Sce Trust III 5.75%
SCG,Scana Corp
SCH-B,Schwab Charles Corporation Depo
SCHW,The Charles Schwab Corp
SCI,Service Corporation International
SCL,Stepan Company
SCM,Stellus Capital Investment Cor
SCS,Steelcase Inc
SCU,Scana Corp
SCX,L.S. Starrett Company
SD,Sandridge Energy Inc
SDLP,Seadrill Partners Llc
SDR,Sandridge Mississippian Trust
SDRL,Seadrill Limited
SDT,Sandridge Mississippian Trust I
SE,Spectra Energy Corp
SEAS,Seaworld Entertainment Inc. Co
SEE,Sealed Air Corp
SEM,Select Medical Holdings Corp
SEM.W,Select Medical Holdings Warrent
SEMG,Semgroup Corp
SEP,Spectra Energy Partners LP
SF,Stifel Financial Corp
SFB,Stifel Financial Corp.6.70% Se
SFE,Safeguard Scientifics
SFG,Stancorp Financial Group
SFL,Ship Finance International
SFN,Stifel Financial Corp
SFUN,Soufun Holdings
SFY,Swift Energy Company
SGF,Singapore Fund
SGK,Schawk Inc
SGL,Strategic Global
SGM,Stonegate Mortgage Corp
SGU,Star Gas Partners L.P.
SGY,Stone Energy Corp
SGZA,Selective Insurance Group Inc
SHG,Shinhan Financial Group Co Ltd
SHI,Sinopec Shangai Petrochemical Company Ltd
SHO,Sunstone Hotel Investors
SHO-D,Sunstone Hotel Investors Inc
SHW,Sherwin-Williams Company
SI,Siemens Ag
SID,National Steel Corp
SIG,Signet Jewelers Limited
SIR,Select Income REIT Common Share
SIX,Six Flags Entertainment Corp
SJI,South Jersey Industries
SJM,J.M. Smucker Company
SJR,Shaw Communications Inc
SJT,San Juan Basin Royalty Trust
SJW,SJW Corp
SKH,Skilled Healthcare Group
SKM,Sk Telecom Corp
SKT,Tanger Factory Outlet Centers
SKX,Skechers U.S.A.
SLA,American Select Portfolio
SLB,Schlumberger N.V.
SLCA,U.S. Silica Holdings Inc
SLF,Sun Life Financial Inc
SLG,SL Green Realty Corp
SLG-I,SL Green Realty Corp
SLH,Solera Holdings
SLRA,Solar Capital Ltd
SLW,Silver Wheaton Corp
SM,Sm Energy Company
SMA,Symmetry Medical Inc
SMF,Salient MLP and Energy Infrast
SMFG,Sumitomo Mitsui Financial Group Inc
SMG,Scotts Miracle-Gro Company
SMI,Semiconductor Manufacturing International
SMLP,Summit Midstream Partners LP
SMM,Salient Midstream & MLP Fund
SMP,Standard Motor Products
SN,Sanchez Energy Corp
SNA,Snap-On Inc
SNE,Sony Corp
SNH,Senior Housing Properties Trust
SNHN,Senior Housing Properties Trus
SNI,Scripps Networks Interactive Inc
SNN,Smith & Nephew Snats
SNOW,Intrawest Resorts Holdings Inc
SNP,China Petroleum & Chemical Corp
SNV,Synovus Financial Corp
SNV-C,Synovus Financial Corp. Fixed-
SNX,Synnex Corp
SNY,Sanofi-Aventis Sa
SO,Southern Company
SOL,Renesola Ltd
SON,Sonoco Products Company
SOR,Source Capital
SOV-C,Sovereign Banc Dep S
SPA,Sparton Corp
SPB,Spectrum Brands Holdings
SPE,Special Opportunities Fund Inc
SPE.P,Special Opportunities Fund In
SPF,Standard Pacific LP
SPG,Simon Property Group
SPG-J,Simon Prop Grp Pfd J
SPH,Suburban Propane Partners L.P.
SPLP,Steel Partners Hldgs
SPN,Superior Energy Services
SPR,Spirit Aerosystems Holdings
SPW,SPX Corp
SQM,Sociedad Quimica Y Minera S.A.
SQNS,Sequans Communications S A
SR,Standard Register Company
SRC,Spirit Realty Capital Inc
SRE,Sempra Energy
SRF,The Cushing Royalty & Income Fund
SRI,Stoneridge Inc
SRLP,Sprague Resources LP
SRT,Startek Inc
SRV,The Cushing MLP Total Return Fund
SSD,Simpson Manufacturing Company
SSI,Stage Stores
SSL,Sasol Ltd
SSLT,Sesa Goa Limited
SSNI,Silver Spring Networks Inc. Co
SSP,E.W. Scripps Company
SSS,Sovran Self Storage
SSTK,Shutterstock Inc
SSW,Seaspan Corp
SSW-C,Seaspan Corp
SSW-D,Seaspan Corp
SSW-E,Seaspan Corporation
ST,Sensata Technologies Holding N.V.
STA-A,Stag Industrial Inc. Preferred
STA-E,ST PAUL COMPANIES INC
STAG,STI Inc
STAR,Istar Financial Inc
STAY,Extended Stay America Inc
STC,Stewart Information Services Corp
STE,Steris Corp
STI,Suntrust Banks
STI-A,Suntrust Bks Dep Sh
STI-E,Suntrust Banks Inc. Series E
STI.A,Suntrust Banks Inc Class A
STI.B,Suntrust Banks Inc Class B
STJ,St. Jude Medical
STK,Columbia Seligman Premium Technology
STL,Sterling Bancorp
STL-A,Sterling Bncp TR I
STM,Stmicroelectronics N.V.
STN,Stantec Inc
STNG,Scorpio Tankers Inc
STO,Statoil ASA
STON,Stonemor Partners L.P.
STR,Questar Corp
STRI,Str Holdings Inc
STT,State Street Corp
STT-C,State Street Corporation Dep Sh
STT-D,State Street Corporation Serie
STV,China Digital TV Holding Co.
STWD,Starwood Property Trust
STZ,Constellation Brands Inc
STZ.B,Constellation Brd B
SU,Suncor Energy Inc
SUI,Sun Communities
SUI-A,Sun Communities Inc
SUNE,Sunedison Inc
SUP,Superior Industries International
SUSP,Susser Petroleum Partners LP
SUSS,Susser Holdings Corp
SVM,Silvercorp Metals Inc
SVU,Supervalu Inc
SWAY,Starwood Waypoint Residential T
SWC,Stillwater Mining Company
SWFT,Swift Transportation Company
SWH,Stanley Black & Decker Inc.
SWI,Solarwinds Inc
SWJ,Stanley Black & Decker Inc
SWK,Stanley Black & Decker Inc
SWM,Schweitzer-Mauduit International
SWN,Southwestern Energy Company
SWS,SWS Group
SWU,Stanley Black & Decker Inc
SWX,Southwest Gas Corp
SWY,Safeway Inc
SWZ,Swiss Helvetia Fund
SXC,Suncoke Energy Inc
SXCP,Suncoke Energy Partners L.P.
SXE,Southcross Energy Partners L.
SXI,Standex International Corp
SXL,Sunoco Logistics Partners LP
SXT,Sensient Technologies Corp
SYA,Symetra Financial Corp
SYK,Stryker Corp
SYT,Syngenta Ag
SYX,Systemax Inc
SYY,Sysco Corp
SZC,The Cushing Renaissance Fund
T,AT&T Inc
TA,Travelcenters of America Llc
TAC,Transalta Corp
TAHO,Tahoe Res Inc
TAI,Transamerica Income Shares
TAL,Tal International Group
TAM,Taminco Corporation Common Stoc
TANN,Travelcenters of America Llc 8.
TAOM,Taomee Holdings Limited
TAP,Molson Coors Brewing Company
TAP.A,Molson Coors Brewing Company
TARO,Taro Pharm Inds
TBI,Trueblue Inc
TC,Thompson Creek Metals Company Inc
TC-T,Thompson Creek Metals Co. Inc
TCAP,Triangle Capital Corp
TCB,TCF Financial Corp
TCB-B,TCF Financial Corp
TCB-C,TCF Financial Corp
TCB.W,TCF Financial Corp
TCC,Triangle Capital Coproration
TCCA,Triangle Capital Corp
TCI,Transcontinental Realty Investors
TCK,Teck Resources Ltd
TCO,Taubman Centers
TCO-J,Taubman Centers Inc Preferred
TCO-K,Taubman Centers Inc
TCP,Trident Performance Group
TCS,The Container Store Group Inc
TD,Toronto Dominion Bank
TDA,Telephone and Data Systems Inc
TDC,Teradata Corp
TDE,Telephone and Data Systems
TDF,Templeton Dragon Fund
TDG,Transdigm Group Inc
TDI,Telephone and Data Systems
TDJ,Telephone and Data Systems Inc
TDS,Telephone and Data Systems
TDW,Tidewater Inc
TDY,Teledyne Technologies Inc
TE,Teco Energy
TEF,Telefonica Sa
TEG,Integrys Energy Group
TEI,Templeton Emerging Markets
TEL,Te Connectivity Ltd
TEN,Tenneco Automotive
TEO,Telecom Argentina Stet - France Telecom S.A.
TEP,Tallgrass Energy Partners LP
TER,Teradyne Inc
TEU,Box Ships Inc
TEU-C,Box Ships Inc
TEVA,Teva Pharmaceutical Industries Ltd
TEX,Terex Corp
TFG,Fixed Income Trust For Goldman
TFX,Teleflex Inc
TG,Tredegar Corp
TGH,Textainer Group Holdings
TGI,Triumph Group
TGP,Teekay Lng Partners L.P.
TGS,Transportadora De Gas Sa Ord B
TGT,Target Corp
THC,Tenet Healthcare Corp
THG,The Hanover Insurance Group
THGA,The Hanover Insurance Group I
THI,Tim Hortons Inc
THO,Thor Industries
THR,Thermon Group Holdings Inc
THS,Treehouse Foods
TI,Telecom Italia S.P.A.
TI.A,Telecom Italia S.P.A.
TIF,Tiffany & Co.
TISI,Team Inc
TJX,Tjx Companies
TK,Teekay Shipping Corp
TKC,Turkcell Iletisim Hizmetleri As
TKF,Turkish Investment Fund
TKR,Timken Company
TLI,Lmp Corporate Loan Fund Inc
TLK,P.T. Telekomunikasi Indonesia Tbk.
TLLP,Tesoro Logistics LP Common Unit
TLM,Talisman Energy Inc
TLP,Transmontaigne Partners L.P.
TLYS,Tilly's Inc
TM,Toyota Motor Corp Ltd Ord
TMH,Team Health Holdings
TMHC,Taylor Morrison Home Corporatio
TMK,Torchmark Corp
TMK-B,Torchmark Corp
TMO,Thermo Fisher Scientific Inc
TMUS,T-Mobile US Inc
TNC,Tennant Company
TNH,Terra Nitrogen Company L.P.
TNK,Teekay Tankers Ltd
TNP,Tsakos Energy Navigation Ltd
TNP-B,Tsakos Energy Navigation Limit
TNP-C,Tsakos Energy Navigation Limit
TOL,Toll Brothers Inc
TOO,Teekay Offshore Partners L.P.
TOO-A,Teekay Offshore Partners L.P.
TOT,Totalfinaelf S.A.
TOWR,Tower International
TPC,Tutor Perini Corp
TPH,Tri Pointe Homes Inc. Common S
TPL,Texas Pacific Land Trust
TPRE,Third Point Reinsurance Ltd. Co
TPVG,Triplepoint Venture Growth Bdc
TPX,Tempur-Pedic International Inc
TPZ,Tortoise Power and Energy
TR,Tootsie Roll Industries
TRC,Tejon Ranch Company
TREX,Trex Company
TRF,Templeton Russia Fund
TRGP,Targa Resources
TRI,Thomson Reuters Corp
TRK,Speedway Motorsports
TRLA,Trulia Inc
TRMR,Tremor Video Inc
TRN,Trinity Industries
TRN-A,Terreno Realty Corporation Pref
TRNO,Terreno Realty Corp
TROX,Tronox Inc
TRP,Transcananda Pipelines
TRQ,Turquoise Hill Resources Ltd
TRR,Trc Companies
TRV,The Travelers Companies Inc
TRW,Trw Automotive Holdings Corp
TS,Tenaris S.A.
TSI,Tcw Strategic
TSL,Trina Solar Limited
TSLF,THL Credit Senior Loan Fund
TSM,Taiwan Semiconductor Manufacturing
TSN,Tyson Foods
TSO,Tesoro Petroleum Corp
TSS,Total System Services
TSU,Tim Participacoes S.A.
TTC,Toro Company
TTF,Thai Fund
TTI,Tetra Technologies
TTM,Tata Motors Ltd
TTP,Tortoise Pipeline & Energy Fund
TU,Telus Corp. Non Voting Shares
TUMI,Tumi Holdings Inc
TUP,Tupperware Corp
TV,Grupo Televisa S.A.
TVC,Tennessee Valley Authority
TVE,Tennessee Valley Authority
TW,Towers Watson & Co
TWC,Time Warner Cable Inc
TWI,Titan International
TWN,Taiwan Fund
TWO,Two Harbors Investments Corp
TWTR,Twitter Inc
TWX,Time Warner Inc
TX,Ternium S.A.
TXI,Texas Industries
TXT,Textron Inc
TXTR,Textura Corp
TY,Tri Continental Corp
TY.P,Tri Contl Cp 2.50 Pr
TYC,Tyco International Ltd
TYG,Tortoise Energy Infrastructure Corp
TYG-B,Tortoise Energy Infrastructure
TYL,Tyler Technologies
TYN,Tortoise North American Energy Corp
TYY,Tortoise Energy Capital Corp
TYY-C,Tortoise Energy Capital Copror
TZF,Bear Stearns Depositor
UA,Under Armour
UAL,United Continental Holdings
UAM,Universal American Financial
UAN,Cvr Partners LP Common Units R
UBA,Urstadt Biddle Properties Inc
UBP,Urstadt Biddle Properties Inc
UBP-D,Urstadt Biddle Prf D
UBP-F,Privatebancorp Inc
UBS,UBS Ag
UBS-D,UBS Pfd Fndg TR IV
UCP,Ucp. Inc
UDR,United Dominion Realty Trust
UFI,Unifi Inc
UFS,Domtar Corp
UGI,Ugi Corp
UGP,Ultrapar Participacoes S.A.
UHS,Universal Health Services
UHT,Universal Health Realty Income Trust
UIL,Uil Holdings Corp
UIS,Unisys Corp
UIS-A,Unisys Corporation Series A Con
UL,Unilever Plc
UMC,United Microelectronics Corp
UMH,Umh Properties
UMH-A,Umh Properties Inc. 8.25% Seri
UN,Unilever Nv
UNF,Unifirst Corp
UNH,Unitedhealth Group Inc
UNM,Unumprovident Corp
UNP,Union Pacific Corp
UNS,UniSource Energy Corp
UNT,Unit Corp
UPL,Ultra Petroleum
UPS,United Parcel Service
URI,United Rentals
URS,Urs Corp
USA,Liberty All-Star Equity Fund
USAC,USA Compression Partners LP
USB,U.S. Bancorp
USB-A,U.S. Bancorp Depositary Shares
USB-H,U.S. Bancorp Dep Sh
USB-M,U.S. Bancorp
USB-N,U.S. Bancorp
USB-O,U.S. Bancorp
USG,USG Corp
USM,United States Cellular Corp
USNA,Usana Health Sciences Inc
USPH,U.S. Physical Therapy
USU,Usec Inc
UTF,Cohen & Steers Infrastructure Fund
UTI,Universal Technical Institute Inc
UTL,Unitil Corp
UTX,United Technologies Corp
UTX-A,United Technologies Corporatio
UVE,Universal Insurance Holdings Inc
UVV,Universal Corp
UZA,United States Cellular Corp
V,Visa Inc
VAC,Marriot Vacations Worldwide Cor
VAL,Valspar Corp
VAL.P,Vale S.A.
VALE,Vale S.A.
VAR,Varian Medical Systems
VBF,Invesco Van Kampen Bond Fund
VC,Visteon Corp
VCO,Vina Concha Y Toro
VCRA,Vocera Communications Inc
VCV,Invesco California Value Muni Income Trust
VE,Veolia Environnement
VEEV,Veeva Systems Inc
VEL-E,Virginia El 5.00 10
VET,Vermilion Energy Inc
VFC,V.F. Corp
VG,Vonage Holdings
VGI,Virtus Global Multi-Sector Inc
VGM,Invesco Trust For Investment Grade Municipals
VGR,Vector Group Ltd
VHI,Valhi Inc
VIPS,Vipshop Holdings Limited
VIV,Telecomunicacoes De Sao Paulo S/A Ads
VJET,Voxeljet Ag
VKQ,Invesco Muni Trust
VLO,Valero Energy Corp
VLP,Valero Energy Partners LP
VLRS,Controladora Vuela Compaia De
VLT,Invesco High
VLY,Valley National Bancorp
VLY.W,Valley National Bancorp
VMC,Vulcan Materials Company
VMEM,Violin Memory Inc
VMI,Valmont Industries
VMO,Invesco Muni Opportunity Trust
VMW,Vmware Inc
VNCE,Vince Holding Corp. Common Stoc
VNO,Vornado Realty Trust
VNO-G,Vornado Rlty Pfd G
VNO-I,Vornado Rlty Pfd I
VNO-J,Vornado Realty Trust Pfd Cumula
VNO-K,Vornado Realty Trust
VNO-L,Vornado Realty Trust
VNOD,Vornado Realty LP
VNTV,Vantiv Inc
VOC,Voc Energy Trust
VOYA,ING US Inc
VPG,Vishay Precision Group
VPV,Invesco Pennsylvania Muni
VR,Validus Holdings
VRS,Verso Paper
VRX,Valeant Pharmaceuticals International
VSH,Vishay Intertechnology
VSI,Vitamin Shoppe Inc
VTA,Invesco Dynamic Credit Fund
VTN,Invesco Trust New York Muni
VTR,Ventas Inc
VTRB,Ventas Realty Limited Partner
VVC,Vectren Corp
VVI,Viad Corp
VVR,Invesco Senior Income Trust
VZ,Verizon Communications Inc
VZA,Verizon Communications Inc. 5.9
WAB,Wabtec Corp
WAC,Walter Investment Management Corp
WAG,Walgreen Company
WAGE,Wageworks Inc
WAIR,Wesco Aircraft Holdings Inc
WAL,Western Alliance Bancorporation
WAT,Waters Corp
WBAI,500Wan.Com Limited
WBC,Wabco Holdings Inc
WBK,Westpac Banking Corp
WBS,Webster Financial Corp
WBS-E,Webster Financial Corp
WBS.W,Webster Financial Corp
WCC,Wesco International
WCG,Wellcare Group
WCIC,Wci Communities Inc
WCN,Waste Connections Inc
WD,Walker & Dunlop
WDAY,Workday Inc
WDR,Waddell & Reed Financial
WEA,Western Asset Bond Fund
WEC,Wisconsin Energy Corp
WES,Western Gas Partners LP
WEX,Wex Inc
WF,Woori Finance Holdings Co Ltd
WFC,Wells Fargo & Company
WFC-J,Wells Fargo Pfd J
WFC-L,Wells Fargo Pfd L
WFC-N,Wells Fargo & Company Dep Shs R
WFC-O,Wells Fargo & Company
WFC-P,Wells Fargo & Company Ser P
WFC-Q,Wells Fargo & Co.
WFC-R,Wells Fargo
WFC.W,Wells Fargo and Co
WFT,Weatherford International Ltd
WG,Willbros Group
WGL,WGL Holdings Inc
WGO,Winnebago Industries
WGP,Western Gas Eqty Partners LP
WH,WSP Holdings
WHG,Westwood Holdings Group Inc
WHR,Whirlpool Corp
WHX,Whiting USA Trust I
WHZ,Whiting USA Trust II
WIA,U.S. Treasury Inflation Prot Secs Fd
WIT,Wipro Limited
WIW,U.S Treasury Inflation Prot Secs Fd 2
WLH,William Lyon Homes
WLK,Westlake Chemical Corp
WLL,Whiting Petroleum Corp
WLP,Wellpoint Health Networks Inc
WLT,Walter Energy
WM,Waste Management
WMB,Williams Companies
WMC,Western Asset Mortgage Capital
WMK,Weis Markets
WMT,Wal-Mart Stores
WNC,Wabash National Corp
WNR,Western Refining
WNRL,Western Refining Logistics LP
WNS,Wns Limited
WOR,Worthington Industries
WPC,W.P. Carey & Co. Llc
WPP,Wausau-Mosinee Paper Corp
WPT,World Point Terminals LP
WPX,Wpx Energy Inc. Common Stock W
WPZ,Williams Partners L.P.
WR,Westar Energy
WRB,W.R. Berkley Corp
WRB-B,W.R. Berkley Corp
WRD,Weingarten Realty Investors
WRE,Washington Real Estate Investment
WRI,Weingarten Realty Investors
WRI-F,Weingarten Dep Shs
WRT,Winthrop Realty Trust 7.75% Sen
WSH,Willis Group Holdings
WSM,Williams-Sonoma
WSO,Watsco Inc
WSO.B,Watsco Inc Cl B
WSR,Whitestone REIT
WST,West Pharmaceutical Services
WTI,W&T Offshore
WTM,White Mountains Insurance Group
WTR,Aqua America
WTS,Watts Water Technologies
WTW,Weight Watchers International Inc
WU,Western Union Company
WUBA,58.Com Inc
WWAV,The Whitewave Foods Company
WWE,World Wrestling Entertainment
WWW,Wolverine World Wide
WX,Wuxi Pharmatech [Cayman] Inc
WY,Weyerhaeuser Company
WY-A,Weyerhaeuser Co.
WYN,Wyndham Worldwide Corp
X,United States Steel Corp
XAA,American Muni Income Portfolio
XCO,Exco Resources NL
XEC,Cimarex Energy Co
XEL,Xcel Energy Inc
XFP,Lehman Abs Corp
XIN,Xinyuan Real Estate Co Ltd
XKE,Lehman Abs Corp
XL,XL Company Switzerland Gmbh
XLS,Exelis Inc. Common Stock New Wh
XNY,China Xiniya Fashion
XOM,Exxon Mobil Corp
XON,Intrexon Corp
XOXO,Xoxo Group Inc
XPO,Express-1 Expedited Solutions
XRM,Xerium Technologies
XRS,Tal Education Group
XRX,Xerox Corp
XUE,Xueda Education Group
XVG,Lehman Abs Corp
XYL,Xylem Inc. Common Stock New Whe
Y,Alleghany Corp
YELP,Yelp Inc
YGE,Yingli Green Energy Holding Company
YOKU,Youku.Com Inc
YPF,Ypf Sociedad Anonima
YUM,Yum! Brands
YUME,Yume Inc
YZC,Yanzhou Coal Mining Company
ZA,Zuoan Fashion Limited American
ZB-A,Zions Bc Dp Shs A
ZB-F,Zions Bancorporation
ZB-G,Zions Bancorporation
ZB-H,Zions Bancorporation
ZBK,Zion Bancorporation
ZEP,Zep Inc
ZF,Zweig Fund
ZFC,Zais Financial Corp. Common Sto
ZLC,Zale Corp
ZMH,Zimmer Holdings
ZNH,China Southern Airlines Company
ZQK,Quiksilver
ZTR,Zweig Total Return Fund
ZTS,Zoetis Inc. Class A Common Stoc
ZX,China Zenix Auto International
